#
# There is insufficient memory for the Java Runtime Environment to continue.
# Native memory allocation (malloc) failed to allocate 1057136 bytes. Error detail: Chunk::new
# Possible reasons:
#   The system is out of physical RAM or swap space
#   This process is running with CompressedOops enabled, and the Java Heap may be blocking the growth of the native heap
# Possible solutions:
#   Reduce memory load on the system
#   Increase physical memory or swap space
#   Check if swap backing store is full
#   Decrease Java heap size (-Xmx/-Xms)
#   Decrease number of Java threads
#   Decrease Java thread stack sizes (-Xss)
#   Set larger code cache with -XX:ReservedCodeCacheSize=
#   JVM is running with Zero Based Compressed Oops mode in which the Java heap is
#     placed in the first 32GB address space. The Java Heap base address is the
#     maximum limit for the native heap growth. Please use -XX:HeapBaseMinAddress
#     to set the Java Heap base and to place the Java Heap above 32GB virtual address.
# This output file may be truncated or incomplete.
#
#  Out of Memory Error (arena.cpp:168), pid=14724, tid=2948
#
# JRE version: OpenJDK Runtime Environment Temurin-21.0.4+7 (21.0.4+7) (build 21.0.4+7-LTS)
# Java VM: OpenJDK 64-Bit Server VM Temurin-21.0.4+7 (21.0.4+7-LTS, mixed mode, sharing, tiered, compressed oops, compressed class ptrs, g1 gc, windows-amd64)
# No core dump will be written. Minidumps are not enabled by default on client versions of Windows
#

---------------  S U M M A R Y ------------

Command Line: -Dfml.modFolders=testproject%%C:\Users\Usuario\MCreatorWorkspaces\radiant\build\classes\java\main;testproject%%C:\Users\Usuario\MCreatorWorkspaces\radiant\build\resources\main --module-path=C:\\Users\\Usuario\\.mcreator\\gradle\\caches\\modules-2\\files-2.1\\net.neoforged\\DevLaunch\\1.0.1\\48617810523f426d42430867894faa7fe1b933dd\\DevLaunch-1.0.1.jar;C:\\Users\\Usuario\\.mcreator\\gradle\\caches\\modules-2\\files-2.1\\net.neoforged\\JarJarFileSystems\\0.4.1\\78f59f89defcd032ed788b151ca6a0d40ace796a\\JarJarFileSystems-0.4.1.jar;C:\\Users\\Usuario\\.mcreator\\gradle\\caches\\modules-2\\files-2.1\\cpw.mods\\bootstraplauncher\\2.0.2\\1a2d076cbc33b0520cbacd591224427b2a20047d\\bootstraplauncher-2.0.2.jar;C:\\Users\\Usuario\\.mcreator\\gradle\\caches\\modules-2\\files-2.1\\cpw.mods\\securejarhandler\\3.0.8\\c0ef95cecd8699a0449053ac7d9c160748d902cd\\securejarhandler-3.0.8.jar;C:\\Users\\Usuario\\.mcreator\\gradle\\caches\\modules-2\\files-2.1\\org.ow2.asm\\asm-commons\\9.7\\e86dda4696d3c185fcc95d8d311904e7ce38a53f\\asm-commons-9.7.jar;C:\\Users\\Usuario\\.mcreator\\gradle\\caches\\modules-2\\files-2.1\\org.ow2.asm\\asm-util\\9.7\\c0655519f24d92af2202cb681cd7c1569df6ead6\\asm-util-9.7.jar;C:\\Users\\Usuario\\.mcreator\\gradle\\caches\\modules-2\\files-2.1\\org.ow2.asm\\asm-analysis\\9.7\\e4a258b7eb96107106c0599f0061cfc1832fe07a\\asm-analysis-9.7.jar;C:\\Users\\Usuario\\.mcreator\\gradle\\caches\\modules-2\\files-2.1\\org.ow2.asm\\asm-tree\\9.7\\e446a17b175bfb733b87c5c2560ccb4e57d69f1a\\asm-tree-9.7.jar;C:\\Users\\Usuario\\.mcreator\\gradle\\caches\\modules-2\\files-2.1\\org.ow2.asm\\asm\\9.7\\73d7b3086e14beb604ced229c302feff6449723\\asm-9.7.jar --add-modules=ALL-MODULE-PATH --add-opens=java.base/java.util.jar=cpw.mods.securejarhandler --add-opens=java.base/java.lang.invoke=cpw.mods.securejarhandler --add-exports=java.base/sun.security.util=cpw.mods.securejarhandler --add-exports=jdk.naming.dns/com.sun.jndi.dns=java.naming -Dcom.sun.management.jmxremote.port=1099 -Dcom.sun.management.jmxremote.local.only=true -Dcom.sun.management.jmxremote.ssl=false -Dcom.sun.management.jmxremote.authenticate=false -Dlog4j2.configurationFile=C:\\Users\\Usuario\\MCreatorWorkspaces\\radiant\\build\\moddev\\clientLog4j2.xml -Dneoforge.enableGameTest=true -DlegacyClassPath.file=C:\\Users\\Usuario\\MCreatorWorkspaces\\radiant\\build\\moddev\\clientLegacyClasspath.txt -DignoreList=securejarhandler-3.0.8.jar,asm-9.7.jar,asm-commons-9.7.jar,asm-tree-9.7.jar,asm-util-9.7.jar,asm-analysis-9.7.jar,bootstraplauncher-2.0.2.jar,JarJarFileSystems-0.4.1.jar,mixinextras-neoforge-0.4.1.jar,client-extra,neoforge- -Dfml.gameLayerLibraries= -DmergeModules=jna-5.10.0.jar,jna-platform-5.10.0.jar -Djava.net.preferIPv6Addresses=system -Dfml.pluginLayerLibraries= -Dforge.logging.markers=REGISTRIES -Dfile.encoding=UTF-8 -Duser.country=US -Duser.language=en -Duser.variant net.neoforged.devlaunch.Main @C:\\Users\\Usuario\\MCreatorWorkspaces\\radiant\\build\\moddev\\clientRunProgramArgs.txt

Host: Intel(R) Core(TM) i5-9600KF CPU @ 3.70GHz, 6 cores, 15G,  Windows 10 , 64 bit Build 19041 (10.0.19041.5438)
Time: Thu Feb 20 14:41:37 2025 Hora estándar romance elapsed time: 54.292979 seconds (0d 0h 0m 54s)

---------------  T H R E A D  ---------------

Current thread (0x0000029377da5410):  JavaThread "C2 CompilerThread1" daemon [_thread_in_native, id=2948, stack(0x000000dbaad00000,0x000000dbaae00000) (1024K)]


Current CompileTask:
C2:  54293 26525 %     4       net.minecraft.client.renderer.chunk.SectionCompiler::compile @ 85 (542 bytes)

Stack: [0x000000dbaad00000,0x000000dbaae00000]
Native frames: (J=compiled Java code, j=interpreted, Vv=VM code, C=native code)
V  [jvm.dll+0x6cbcf9]
V  [jvm.dll+0x8a5551]
V  [jvm.dll+0x8a7a7e]
V  [jvm.dll+0x8a8153]
V  [jvm.dll+0x27eca6]
V  [jvm.dll+0xc4aad]
V  [jvm.dll+0xc4fe3]
V  [jvm.dll+0x3b5102]
V  [jvm.dll+0x1df7a3]
V  [jvm.dll+0x247262]
V  [jvm.dll+0x2466ef]
V  [jvm.dll+0x1c6f7e]
V  [jvm.dll+0x255e7a]
V  [jvm.dll+0x25441a]
V  [jvm.dll+0x3eeef6]
V  [jvm.dll+0x84f17b]
V  [jvm.dll+0x6ca3fd]
C  [ucrtbase.dll+0x21bb2]
C  [KERNEL32.DLL+0x17374]
C  [ntdll.dll+0x4cc91]


---------------  P R O C E S S  ---------------

Threads class SMR info:
_java_thread_list=0x00000293890ff100, length=50, elements={
0x000002930de2eb60, 0x000002932ede7cc0, 0x000002932ede9930, 0x000002932edec3a0,
0x000002932edece00, 0x000002932edee870, 0x000002932edf1560, 0x000002932edf6310,
0x000002932edf6db0, 0x00000293740e4e50, 0x0000029374268240, 0x0000029374824680,
0x0000029374951720, 0x0000029374952850, 0x0000029375753490, 0x0000029376ecf740,
0x000002937501e890, 0x000002937514d030, 0x0000029375577150, 0x0000029375577e70,
0x00000293755777e0, 0x0000029375576ac0, 0x0000029375578b90, 0x000002937550dad0,
0x000002937550c720, 0x000002937550ba00, 0x0000029375513020, 0x000002937550ee80,
0x0000029375511c70, 0x000002937550c090, 0x0000029304138390, 0x000002930413b810,
0x000002930413cbc0, 0x000002930413bea0, 0x0000029304139dd0, 0x000002930413d250,
0x0000029304136fe0, 0x000002930413a460, 0x000002930413c530, 0x000002930413b180,
0x0000029377da5410, 0x00000293889b81d0, 0x00000293889b5a70, 0x00000293889b8ef0,
0x00000293889b46c0, 0x00000293761120f0, 0x0000029376114ee0, 0x0000029376112e10,
0x0000029376113b30, 0x0000029388810420
}

Java Threads: ( => current thread )
  0x000002930de2eb60 JavaThread "Render thread"                     [_thread_in_native, id=16712, stack(0x000000dba8400000,0x000000dba8500000) (1024K)]
  0x000002932ede7cc0 JavaThread "Reference Handler"          daemon [_thread_blocked, id=732, stack(0x000000dba8c00000,0x000000dba8d00000) (1024K)]
  0x000002932ede9930 JavaThread "Finalizer"                  daemon [_thread_blocked, id=3488, stack(0x000000dba8d00000,0x000000dba8e00000) (1024K)]
  0x000002932edec3a0 JavaThread "Signal Dispatcher"          daemon [_thread_blocked, id=16648, stack(0x000000dba8e00000,0x000000dba8f00000) (1024K)]
  0x000002932edece00 JavaThread "Attach Listener"            daemon [_thread_blocked, id=424, stack(0x000000dba8f00000,0x000000dba9000000) (1024K)]
  0x000002932edee870 JavaThread "Service Thread"             daemon [_thread_blocked, id=6404, stack(0x000000dba9000000,0x000000dba9100000) (1024K)]
  0x000002932edf1560 JavaThread "Monitor Deflation Thread"   daemon [_thread_blocked, id=14664, stack(0x000000dba9100000,0x000000dba9200000) (1024K)]
  0x000002932edf6310 JavaThread "C2 CompilerThread0"         daemon [_thread_in_native, id=15704, stack(0x000000dba9200000,0x000000dba9300000) (1024K)]
  0x000002932edf6db0 JavaThread "C1 CompilerThread0"         daemon [_thread_blocked, id=17984, stack(0x000000dba9300000,0x000000dba9400000) (1024K)]
  0x00000293740e4e50 JavaThread "Common-Cleaner"             daemon [_thread_blocked, id=16168, stack(0x000000dba9400000,0x000000dba9500000) (1024K)]
  0x0000029374268240 JavaThread "Notification Thread"        daemon [_thread_blocked, id=9252, stack(0x000000dba9500000,0x000000dba9600000) (1024K)]
  0x0000029374824680 JavaThread "RMI TCP Accept-0"           daemon [_thread_in_native, id=2788, stack(0x000000dba9700000,0x000000dba9800000) (1024K)]
  0x0000029374951720 JavaThread "RMI TCP Accept-1099"        daemon [_thread_in_native, id=3264, stack(0x000000dba9800000,0x000000dba9900000) (1024K)]
  0x0000029374952850 JavaThread "RMI TCP Accept-0"           daemon [_thread_in_native, id=15800, stack(0x000000dba9900000,0x000000dba9a00000) (1024K)]
  0x0000029375753490 JavaThread "ForkJoinPool.commonPool-worker-1" daemon [_thread_blocked, id=1564, stack(0x000000dba9f00000,0x000000dbaa000000) (1024K)]
  0x0000029376ecf740 JavaThread "ForkJoinPool.commonPool-worker-2" daemon [_thread_blocked, id=8876, stack(0x000000dbaa000000,0x000000dbaa100000) (1024K)]
  0x000002937501e890 JavaThread "ForkJoinPool.commonPool-worker-3" daemon [_thread_blocked, id=16884, stack(0x000000dbaa100000,0x000000dbaa200000) (1024K)]
  0x000002937514d030 JavaThread "ForkJoinPool.commonPool-worker-4" daemon [_thread_blocked, id=6272, stack(0x000000dbaa200000,0x000000dbaa300000) (1024K)]
  0x0000029375577150 JavaThread "ForkJoinPool.commonPool-worker-5" daemon [_thread_blocked, id=6952, stack(0x000000dbaa300000,0x000000dbaa400000) (1024K)]
  0x0000029375577e70 JavaThread "RMI TCP Connection(idle)"   daemon [_thread_blocked, id=3600, stack(0x000000dbaa400000,0x000000dbaa500000) (1024K)]
  0x00000293755777e0 JavaThread "RMI Scheduler(0)"           daemon [_thread_blocked, id=12592, stack(0x000000dbaa500000,0x000000dbaa600000) (1024K)]
  0x0000029375576ac0 JavaThread "RMI TCP Connection(2)-fe80:0:0:0:be30:3b81:d7bc:fe1d%5" daemon [_thread_in_native, id=7864, stack(0x000000dbaa600000,0x000000dbaa700000) (1024K)]
  0x0000029375578b90 JavaThread "JMX server connection timeout 38" daemon [_thread_blocked, id=15740, stack(0x000000dbaa700000,0x000000dbaa800000) (1024K)]
  0x000002937550dad0 JavaThread "JNA Cleaner"                daemon [_thread_blocked, id=2072, stack(0x000000dbab600000,0x000000dbab700000) (1024K)]
  0x000002937550c720 JavaThread "Timer hack thread"          daemon [_thread_blocked, id=1800, stack(0x000000dbab500000,0x000000dbab600000) (1024K)]
  0x000002937550ba00 JavaThread "Yggdrasil Key Fetcher"      daemon [_thread_blocked, id=9256, stack(0x000000dbab800000,0x000000dbab900000) (1024K)]
  0x0000029375513020 JavaThread "Download-1"                 daemon [_thread_blocked, id=15540, stack(0x000000dbab900000,0x000000dbaba00000) (1024K)]
  0x000002937550ee80 JavaThread "Download-2"                 daemon [_thread_blocked, id=4608, stack(0x000000dbaba00000,0x000000dbabb00000) (1024K)]
  0x0000029375511c70 JavaThread "modloading-worker-0"        daemon [_thread_blocked, id=3180, stack(0x000000dbab200000,0x000000dbab300000) (1024K)]
  0x000002937550c090 JavaThread "modloading-worker-0"        daemon [_thread_blocked, id=4956, stack(0x000000dbab300000,0x000000dbab400000) (1024K)]
  0x0000029304138390 JavaThread "modloading-sync-worker"     daemon [_thread_blocked, id=15840, stack(0x000000dbabc00000,0x000000dbabd00000) (1024K)]
  0x000002930413b810 JavaThread "FileSystemWatchService"     daemon [_thread_in_native, id=852, stack(0x000000dbabd00000,0x000000dbabe00000) (1024K)]
  0x000002930413cbc0 JavaThread "config-file-watcher-0-0"    daemon [_thread_blocked, id=1244, stack(0x000000dbabe00000,0x000000dbabf00000) (1024K)]
  0x000002930413bea0 JavaThread "Worker-Main-1"              daemon [_thread_blocked, id=17660, stack(0x000000dbac000000,0x000000dbac100000) (1024K)]
  0x0000029304139dd0 JavaThread "Worker-Main-2"              daemon [_thread_blocked, id=10664, stack(0x000000dbac100000,0x000000dbac200000) (1024K)]
  0x000002930413d250 JavaThread "Worker-Main-3"              daemon [_thread_blocked, id=16704, stack(0x000000dbac300000,0x000000dbac400000) (1024K)]
  0x0000029304136fe0 JavaThread "Worker-Main-4"              daemon [_thread_blocked, id=9004, stack(0x000000dbac400000,0x000000dbac500000) (1024K)]
  0x000002930413a460 JavaThread "Worker-Main-5"              daemon [_thread_blocked, id=1412, stack(0x000000dbac500000,0x000000dbac600000) (1024K)]
  0x000002930413c530 JavaThread "IO-Worker-1"                       [_thread_blocked, id=8384, stack(0x000000dbac600000,0x000000dbac700000) (1024K)]
  0x000002930413b180 JavaThread "Server thread"                     [_thread_in_native, id=4172, stack(0x000000dba9600000,0x000000dba9700000) (1024K)]
=>0x0000029377da5410 JavaThread "C2 CompilerThread1"         daemon [_thread_in_native, id=2948, stack(0x000000dbaad00000,0x000000dbaae00000) (1024K)]
  0x00000293889b81d0 JavaThread "IO-Worker-2"                       [_thread_blocked, id=17664, stack(0x000000dbab000000,0x000000dbab100000) (1024K)]
  0x00000293889b5a70 JavaThread "IOWorker-chunk"                    [_thread_in_Java, id=13412, stack(0x000000dbabb00000,0x000000dbabc00000) (1024K)]
  0x00000293889b8ef0 JavaThread "IO-Worker-4"                       [_thread_blocked, id=9932, stack(0x000000dbabf00000,0x000000dbac000000) (1024K)]
  0x00000293889b46c0 JavaThread "Java2D Disposer"            daemon [_thread_blocked, id=17400, stack(0x000000dbac900000,0x000000dbaca00000) (1024K)]
  0x00000293761120f0 JavaThread "Netty Server IO #0"         daemon [_thread_in_native, id=15808, stack(0x000000dbaca00000,0x000000dbacb00000) (1024K)]
  0x0000029376114ee0 JavaThread "Netty Local Client IO #0"   daemon [_thread_blocked, id=8892, stack(0x000000dbacb00000,0x000000dbacc00000) (1024K)]
  0x0000029376112e10 JavaThread "Netty Server IO #1"         daemon [_thread_in_native, id=15436, stack(0x000000dbacc00000,0x000000dbacd00000) (1024K)]
  0x0000029376113b30 JavaThread "Sound engine"               daemon [_thread_blocked, id=15696, stack(0x000000dbacd00000,0x000000dbace00000) (1024K)]
  0x0000029388810420 JavaThread "Thread-12"                  daemon [_thread_in_native, id=14552, stack(0x000000dbaac00000,0x000000dbaad00000) (1024K)]
Total: 50

Other Threads:
  0x000002932edc3b40 VMThread "VM Thread"                           [id=13704, stack(0x000000dba8b00000,0x000000dba8c00000) (1024K)]
  0x000002932edacfc0 WatcherThread "VM Periodic Task Thread"        [id=16788, stack(0x000000dba8a00000,0x000000dba8b00000) (1024K)]
  0x000002930de95be0 WorkerThread "GC Thread#0"                     [id=11928, stack(0x000000dba8500000,0x000000dba8600000) (1024K)]
  0x0000029374cd3060 WorkerThread "GC Thread#1"                     [id=1380, stack(0x000000dba9a00000,0x000000dba9b00000) (1024K)]
  0x0000029374cd3400 WorkerThread "GC Thread#2"                     [id=15416, stack(0x000000dba9b00000,0x000000dba9c00000) (1024K)]
  0x0000029374cd37a0 WorkerThread "GC Thread#3"                     [id=15852, stack(0x000000dba9c00000,0x000000dba9d00000) (1024K)]
  0x0000029374b9f9e0 WorkerThread "GC Thread#4"                     [id=6572, stack(0x000000dba9d00000,0x000000dba9e00000) (1024K)]
  0x0000029374b9fd80 WorkerThread "GC Thread#5"                     [id=8008, stack(0x000000dba9e00000,0x000000dba9f00000) (1024K)]
  0x000002930dea7880 ConcurrentGCThread "G1 Main Marker"            [id=2552, stack(0x000000dba8600000,0x000000dba8700000) (1024K)]
  0x000002930dea8380 WorkerThread "G1 Conc#0"                       [id=6568, stack(0x000000dba8700000,0x000000dba8800000) (1024K)]
  0x00000293769c4d20 WorkerThread "G1 Conc#1"                       [id=7256, stack(0x000000dbab100000,0x000000dbab200000) (1024K)]
  0x000002932ec73e20 ConcurrentGCThread "G1 Refine#0"               [id=13576, stack(0x000000dba8800000,0x000000dba8900000) (1024K)]
  0x000002932ec748a0 ConcurrentGCThread "G1 Service"                [id=9736, stack(0x000000dba8900000,0x000000dba8a00000) (1024K)]
Total: 13

Threads with active compile tasks:
C2 CompilerThread0    54335 26661       4       net.minecraft.client.renderer.block.LiquidBlockRenderer::tesselate (2322 bytes)
C2 CompilerThread1    54335 26525 %     4       net.minecraft.client.renderer.chunk.SectionCompiler::compile @ 85 (542 bytes)
Total: 2

VM state: not at safepoint (normal execution)

VM Mutex/Monitor currently owned by a thread: None

Heap address: 0x0000000701000000, size: 4080 MB, Compressed Oops mode: Zero based, Oop shift amount: 3

CDS archive(s) mapped at: [0x000002932f000000-0x000002932fc90000-0x000002932fc90000), size 13172736, SharedBaseAddress: 0x000002932f000000, ArchiveRelocationMode: 1.
Compressed class space mapped at: 0x0000029330000000-0x0000029370000000, reserved size: 1073741824
Narrow klass base: 0x000002932f000000, Narrow klass shift: 0, Narrow klass range: 0x100000000

GC Precious Log:
 CardTable entry size: 512
 Card Set container configuration: InlinePtr #cards 4 size 8 Array Of Cards #cards 16 size 48 Howl #buckets 8 coarsen threshold 3686 Howl Bitmap #cards 512 size 80 coarsen threshold 460 Card regions per heap region 1 cards per card region 4096
 CPUs: 6 total, 6 available
 Memory: 16319M
 Large Page Support: Disabled
 NUMA Support: Disabled
 Compressed Oops: Enabled (Zero based)
 Heap Region Size: 2M
 Heap Min Capacity: 8M
 Heap Initial Capacity: 256M
 Heap Max Capacity: 4080M
 Pre-touch: Disabled
 Parallel Workers: 6
 Concurrent Workers: 2
 Concurrent Refinement Workers: 6
 Periodic GC: Disabled

Heap:
 garbage-first heap   total 718848K, used 552836K [0x0000000701000000, 0x0000000800000000)
  region size 2048K, 103 young (210944K), 15 survivors (30720K)
 Metaspace       used 135678K, committed 137280K, reserved 1179648K
  class space    used 20949K, committed 21696K, reserved 1048576K

Heap Regions: E=young(eden), S=young(survivor), O=old, HS=humongous(starts), HC=humongous(continues), CS=collection set, F=free, TAMS=top-at-mark-start, PB=parsable bottom
|   0|0x0000000701000000, 0x0000000701200000, 0x0000000701200000|100%|HS|  |TAMS 0x0000000701000000| PB 0x0000000701000000| Complete 
|   1|0x0000000701200000, 0x0000000701400000, 0x0000000701400000|100%|HS|  |TAMS 0x0000000701200000| PB 0x0000000701200000| Complete 
|   2|0x0000000701400000, 0x0000000701600000, 0x0000000701600000|100%|HS|  |TAMS 0x0000000701400000| PB 0x0000000701400000| Complete 
|   3|0x0000000701600000, 0x0000000701800000, 0x0000000701800000|100%| O|  |TAMS 0x0000000701600000| PB 0x0000000701600000| Untracked 
|   4|0x0000000701800000, 0x0000000701a00000, 0x0000000701a00000|100%| O|  |TAMS 0x0000000701800000| PB 0x0000000701800000| Untracked 
|   5|0x0000000701a00000, 0x0000000701c00000, 0x0000000701c00000|100%|HS|  |TAMS 0x0000000701a00000| PB 0x0000000701a00000| Complete 
|   6|0x0000000701c00000, 0x0000000701e00000, 0x0000000701e00000|100%| O|  |TAMS 0x0000000701c00000| PB 0x0000000701c00000| Untracked 
|   7|0x0000000701e00000, 0x0000000702000000, 0x0000000702000000|100%| O|  |TAMS 0x0000000701e00000| PB 0x0000000701e00000| Untracked 
|   8|0x0000000702000000, 0x0000000702200000, 0x0000000702200000|100%|HS|  |TAMS 0x0000000702000000| PB 0x0000000702000000| Complete 
|   9|0x0000000702200000, 0x0000000702400000, 0x0000000702400000|100%|HS|  |TAMS 0x0000000702200000| PB 0x0000000702200000| Complete 
|  10|0x0000000702400000, 0x0000000702600000, 0x0000000702600000|100%|HS|  |TAMS 0x0000000702400000| PB 0x0000000702400000| Complete 
|  11|0x0000000702600000, 0x0000000702800000, 0x0000000702800000|100%|HS|  |TAMS 0x0000000702600000| PB 0x0000000702600000| Complete 
|  12|0x0000000702800000, 0x0000000702a00000, 0x0000000702a00000|100%| O|  |TAMS 0x0000000702800000| PB 0x0000000702800000| Untracked 
|  13|0x0000000702a00000, 0x0000000702c00000, 0x0000000702c00000|100%| O|  |TAMS 0x0000000702a00000| PB 0x0000000702a00000| Untracked 
|  14|0x0000000702c00000, 0x0000000702e00000, 0x0000000702e00000|100%| O|  |TAMS 0x0000000702c00000| PB 0x0000000702c00000| Untracked 
|  15|0x0000000702e00000, 0x0000000703000000, 0x0000000703000000|100%| O|  |TAMS 0x0000000702e00000| PB 0x0000000702e00000| Untracked 
|  16|0x0000000703000000, 0x0000000703200000, 0x0000000703200000|100%| O|  |TAMS 0x0000000703000000| PB 0x0000000703000000| Untracked 
|  17|0x0000000703200000, 0x0000000703400000, 0x0000000703400000|100%| O|  |TAMS 0x0000000703200000| PB 0x0000000703200000| Untracked 
|  18|0x0000000703400000, 0x0000000703600000, 0x0000000703600000|100%| O|  |TAMS 0x0000000703400000| PB 0x0000000703400000| Untracked 
|  19|0x0000000703600000, 0x0000000703800000, 0x0000000703800000|100%| O|  |TAMS 0x0000000703600000| PB 0x0000000703600000| Untracked 
|  20|0x0000000703800000, 0x0000000703a00000, 0x0000000703a00000|100%| O|  |TAMS 0x0000000703800000| PB 0x0000000703800000| Untracked 
|  21|0x0000000703a00000, 0x0000000703c00000, 0x0000000703c00000|100%| O|  |TAMS 0x0000000703a00000| PB 0x0000000703a00000| Untracked 
|  22|0x0000000703c00000, 0x0000000703e00000, 0x0000000703e00000|100%| O|  |TAMS 0x0000000703c00000| PB 0x0000000703c00000| Untracked 
|  23|0x0000000703e00000, 0x0000000704000000, 0x0000000704000000|100%| O|  |TAMS 0x0000000703e00000| PB 0x0000000703e00000| Untracked 
|  24|0x0000000704000000, 0x0000000704200000, 0x0000000704200000|100%| O|  |TAMS 0x0000000704000000| PB 0x0000000704000000| Untracked 
|  25|0x0000000704200000, 0x0000000704400000, 0x0000000704400000|100%| O|  |TAMS 0x0000000704200000| PB 0x0000000704200000| Untracked 
|  26|0x0000000704400000, 0x0000000704600000, 0x0000000704600000|100%| O|  |TAMS 0x0000000704400000| PB 0x0000000704400000| Untracked 
|  27|0x0000000704600000, 0x0000000704800000, 0x0000000704800000|100%| O|  |TAMS 0x0000000704600000| PB 0x0000000704600000| Untracked 
|  28|0x0000000704800000, 0x0000000704a00000, 0x0000000704a00000|100%| O|  |TAMS 0x0000000704800000| PB 0x0000000704800000| Untracked 
|  29|0x0000000704a00000, 0x0000000704c00000, 0x0000000704c00000|100%|HS|  |TAMS 0x0000000704a00000| PB 0x0000000704a00000| Complete 
|  30|0x0000000704c00000, 0x0000000704e00000, 0x0000000704e00000|100%|HC|  |TAMS 0x0000000704c00000| PB 0x0000000704c00000| Complete 
|  31|0x0000000704e00000, 0x0000000705000000, 0x0000000705000000|100%|HC|  |TAMS 0x0000000704e00000| PB 0x0000000704e00000| Complete 
|  32|0x0000000705000000, 0x0000000705200000, 0x0000000705200000|100%|HC|  |TAMS 0x0000000705000000| PB 0x0000000705000000| Complete 
|  33|0x0000000705200000, 0x0000000705400000, 0x0000000705400000|100%|HC|  |TAMS 0x0000000705200000| PB 0x0000000705200000| Complete 
|  34|0x0000000705400000, 0x0000000705600000, 0x0000000705600000|100%|HC|  |TAMS 0x0000000705400000| PB 0x0000000705400000| Complete 
|  35|0x0000000705600000, 0x0000000705800000, 0x0000000705800000|100%| O|  |TAMS 0x0000000705600000| PB 0x0000000705600000| Untracked 
|  36|0x0000000705800000, 0x0000000705a00000, 0x0000000705a00000|100%| O|  |TAMS 0x0000000705800000| PB 0x0000000705800000| Untracked 
|  37|0x0000000705a00000, 0x0000000705c00000, 0x0000000705c00000|100%| O|  |TAMS 0x0000000705a00000| PB 0x0000000705a00000| Untracked 
|  38|0x0000000705c00000, 0x0000000705e00000, 0x0000000705e00000|100%| O|  |TAMS 0x0000000705c00000| PB 0x0000000705c00000| Untracked 
|  39|0x0000000705e00000, 0x0000000706000000, 0x0000000706000000|100%| O|  |TAMS 0x0000000705e00000| PB 0x0000000705e00000| Untracked 
|  40|0x0000000706000000, 0x0000000706200000, 0x0000000706200000|100%| O|  |TAMS 0x0000000706000000| PB 0x0000000706000000| Untracked 
|  41|0x0000000706200000, 0x0000000706400000, 0x0000000706400000|100%| O|  |TAMS 0x0000000706200000| PB 0x0000000706200000| Untracked 
|  42|0x0000000706400000, 0x0000000706600000, 0x0000000706600000|100%| O|  |TAMS 0x0000000706400000| PB 0x0000000706400000| Untracked 
|  43|0x0000000706600000, 0x0000000706800000, 0x0000000706800000|100%| O|  |TAMS 0x0000000706600000| PB 0x0000000706600000| Untracked 
|  44|0x0000000706800000, 0x0000000706a00000, 0x0000000706a00000|100%| O|  |TAMS 0x0000000706800000| PB 0x0000000706800000| Untracked 
|  45|0x0000000706a00000, 0x0000000706c00000, 0x0000000706c00000|100%| O|  |TAMS 0x0000000706a00000| PB 0x0000000706a00000| Untracked 
|  46|0x0000000706c00000, 0x0000000706e00000, 0x0000000706e00000|100%| O|  |TAMS 0x0000000706c00000| PB 0x0000000706c00000| Untracked 
|  47|0x0000000706e00000, 0x0000000707000000, 0x0000000707000000|100%| O|  |TAMS 0x0000000706e00000| PB 0x0000000706e00000| Untracked 
|  48|0x0000000707000000, 0x0000000707200000, 0x0000000707200000|100%| O|  |TAMS 0x0000000707000000| PB 0x0000000707000000| Untracked 
|  49|0x0000000707200000, 0x0000000707400000, 0x0000000707400000|100%| O|  |TAMS 0x0000000707200000| PB 0x0000000707200000| Untracked 
|  50|0x0000000707400000, 0x0000000707600000, 0x0000000707600000|100%| O|  |TAMS 0x0000000707400000| PB 0x0000000707400000| Untracked 
|  51|0x0000000707600000, 0x0000000707800000, 0x0000000707800000|100%| O|  |TAMS 0x0000000707600000| PB 0x0000000707600000| Untracked 
|  52|0x0000000707800000, 0x0000000707a00000, 0x0000000707a00000|100%| O|  |TAMS 0x0000000707800000| PB 0x0000000707800000| Untracked 
|  53|0x0000000707a00000, 0x0000000707c00000, 0x0000000707c00000|100%| O|  |TAMS 0x0000000707a00000| PB 0x0000000707a00000| Untracked 
|  54|0x0000000707c00000, 0x0000000707e00000, 0x0000000707e00000|100%| O|  |TAMS 0x0000000707c00000| PB 0x0000000707c00000| Untracked 
|  55|0x0000000707e00000, 0x0000000708000000, 0x0000000708000000|100%| O|  |TAMS 0x0000000707e00000| PB 0x0000000707e00000| Untracked 
|  56|0x0000000708000000, 0x0000000708200000, 0x0000000708200000|100%| O|  |TAMS 0x0000000708000000| PB 0x0000000708000000| Untracked 
|  57|0x0000000708200000, 0x0000000708400000, 0x0000000708400000|100%| O|  |TAMS 0x0000000708200000| PB 0x0000000708200000| Untracked 
|  58|0x0000000708400000, 0x0000000708600000, 0x0000000708600000|100%| O|  |TAMS 0x0000000708400000| PB 0x0000000708400000| Untracked 
|  59|0x0000000708600000, 0x0000000708800000, 0x0000000708800000|100%| O|  |TAMS 0x0000000708600000| PB 0x0000000708600000| Untracked 
|  60|0x0000000708800000, 0x0000000708a00000, 0x0000000708a00000|100%| O|  |TAMS 0x0000000708800000| PB 0x0000000708800000| Untracked 
|  61|0x0000000708a00000, 0x0000000708c00000, 0x0000000708c00000|100%| O|  |TAMS 0x0000000708a00000| PB 0x0000000708a00000| Untracked 
|  62|0x0000000708c00000, 0x0000000708e00000, 0x0000000708e00000|100%| O|  |TAMS 0x0000000708c00000| PB 0x0000000708c00000| Untracked 
|  63|0x0000000708e00000, 0x0000000709000000, 0x0000000709000000|100%| O|  |TAMS 0x0000000708e00000| PB 0x0000000708e00000| Untracked 
|  64|0x0000000709000000, 0x0000000709200000, 0x0000000709200000|100%| O|  |TAMS 0x0000000709000000| PB 0x0000000709000000| Untracked 
|  65|0x0000000709200000, 0x0000000709400000, 0x0000000709400000|100%| O|  |TAMS 0x0000000709200000| PB 0x0000000709200000| Untracked 
|  66|0x0000000709400000, 0x0000000709600000, 0x0000000709600000|100%| O|  |TAMS 0x0000000709400000| PB 0x0000000709400000| Untracked 
|  67|0x0000000709600000, 0x0000000709800000, 0x0000000709800000|100%| O|  |TAMS 0x0000000709600000| PB 0x0000000709600000| Untracked 
|  68|0x0000000709800000, 0x0000000709a00000, 0x0000000709a00000|100%| O|  |TAMS 0x0000000709800000| PB 0x0000000709800000| Untracked 
|  69|0x0000000709a00000, 0x0000000709c00000, 0x0000000709c00000|100%| O|  |TAMS 0x0000000709a00000| PB 0x0000000709a00000| Untracked 
|  70|0x0000000709c00000, 0x0000000709e00000, 0x0000000709e00000|100%| O|  |TAMS 0x0000000709c00000| PB 0x0000000709c00000| Untracked 
|  71|0x0000000709e00000, 0x000000070a000000, 0x000000070a000000|100%| O|  |TAMS 0x0000000709e00000| PB 0x0000000709e00000| Untracked 
|  72|0x000000070a000000, 0x000000070a200000, 0x000000070a200000|100%| O|  |TAMS 0x000000070a000000| PB 0x000000070a000000| Untracked 
|  73|0x000000070a200000, 0x000000070a400000, 0x000000070a400000|100%| O|  |TAMS 0x000000070a200000| PB 0x000000070a200000| Untracked 
|  74|0x000000070a400000, 0x000000070a600000, 0x000000070a600000|100%| O|  |TAMS 0x000000070a400000| PB 0x000000070a400000| Untracked 
|  75|0x000000070a600000, 0x000000070a600000, 0x000000070a800000|  0%| F|  |TAMS 0x000000070a600000| PB 0x000000070a600000| Untracked 
|  76|0x000000070a800000, 0x000000070a800000, 0x000000070aa00000|  0%| F|  |TAMS 0x000000070a800000| PB 0x000000070a800000| Untracked 
|  77|0x000000070aa00000, 0x000000070ac00000, 0x000000070ac00000|100%| O|  |TAMS 0x000000070aa00000| PB 0x000000070aa00000| Untracked 
|  78|0x000000070ac00000, 0x000000070ae00000, 0x000000070ae00000|100%| O|  |TAMS 0x000000070ac00000| PB 0x000000070ac00000| Untracked 
|  79|0x000000070ae00000, 0x000000070b000000, 0x000000070b000000|100%| O|  |TAMS 0x000000070ae00000| PB 0x000000070ae00000| Untracked 
|  80|0x000000070b000000, 0x000000070b200000, 0x000000070b200000|100%| O|  |TAMS 0x000000070b000000| PB 0x000000070b000000| Untracked 
|  81|0x000000070b200000, 0x000000070b400000, 0x000000070b400000|100%| O|  |TAMS 0x000000070b200000| PB 0x000000070b200000| Untracked 
|  82|0x000000070b400000, 0x000000070b600000, 0x000000070b600000|100%| O|  |TAMS 0x000000070b400000| PB 0x000000070b400000| Untracked 
|  83|0x000000070b600000, 0x000000070b800000, 0x000000070b800000|100%| O|  |TAMS 0x000000070b600000| PB 0x000000070b600000| Untracked 
|  84|0x000000070b800000, 0x000000070ba00000, 0x000000070ba00000|100%| O|  |TAMS 0x000000070b800000| PB 0x000000070b800000| Untracked 
|  85|0x000000070ba00000, 0x000000070bc00000, 0x000000070bc00000|100%| O|  |TAMS 0x000000070ba00000| PB 0x000000070ba00000| Untracked 
|  86|0x000000070bc00000, 0x000000070be00000, 0x000000070be00000|100%| O|  |TAMS 0x000000070bc00000| PB 0x000000070bc00000| Untracked 
|  87|0x000000070be00000, 0x000000070c000000, 0x000000070c000000|100%| O|  |TAMS 0x000000070be00000| PB 0x000000070be00000| Untracked 
|  88|0x000000070c000000, 0x000000070c200000, 0x000000070c200000|100%| O|  |TAMS 0x000000070c000000| PB 0x000000070c000000| Untracked 
|  89|0x000000070c200000, 0x000000070c400000, 0x000000070c400000|100%| O|  |TAMS 0x000000070c200000| PB 0x000000070c200000| Untracked 
|  90|0x000000070c400000, 0x000000070c600000, 0x000000070c600000|100%| O|  |TAMS 0x000000070c400000| PB 0x000000070c400000| Untracked 
|  91|0x000000070c600000, 0x000000070c800000, 0x000000070c800000|100%| O|  |TAMS 0x000000070c600000| PB 0x000000070c600000| Untracked 
|  92|0x000000070c800000, 0x000000070ca00000, 0x000000070ca00000|100%| O|  |TAMS 0x000000070c800000| PB 0x000000070c800000| Untracked 
|  93|0x000000070ca00000, 0x000000070cc00000, 0x000000070cc00000|100%| O|  |TAMS 0x000000070ca00000| PB 0x000000070ca00000| Untracked 
|  94|0x000000070cc00000, 0x000000070ce00000, 0x000000070ce00000|100%| O|  |TAMS 0x000000070cc00000| PB 0x000000070cc00000| Untracked 
|  95|0x000000070ce00000, 0x000000070d000000, 0x000000070d000000|100%| O|  |TAMS 0x000000070ce00000| PB 0x000000070ce00000| Untracked 
|  96|0x000000070d000000, 0x000000070d000000, 0x000000070d200000|  0%| F|  |TAMS 0x000000070d000000| PB 0x000000070d000000| Untracked 
|  97|0x000000070d200000, 0x000000070d400000, 0x000000070d400000|100%| O|  |TAMS 0x000000070d200000| PB 0x000000070d200000| Untracked 
|  98|0x000000070d400000, 0x000000070d600000, 0x000000070d600000|100%| O|  |TAMS 0x000000070d400000| PB 0x000000070d400000| Untracked 
|  99|0x000000070d600000, 0x000000070d800000, 0x000000070d800000|100%| O|  |TAMS 0x000000070d600000| PB 0x000000070d600000| Untracked 
| 100|0x000000070d800000, 0x000000070da00000, 0x000000070da00000|100%| O|  |TAMS 0x000000070d800000| PB 0x000000070d800000| Untracked 
| 101|0x000000070da00000, 0x000000070dc00000, 0x000000070dc00000|100%| O|  |TAMS 0x000000070da00000| PB 0x000000070da00000| Untracked 
| 102|0x000000070dc00000, 0x000000070de00000, 0x000000070de00000|100%| O|  |TAMS 0x000000070dc00000| PB 0x000000070dc00000| Untracked 
| 103|0x000000070de00000, 0x000000070e000000, 0x000000070e000000|100%| O|  |TAMS 0x000000070de00000| PB 0x000000070de00000| Untracked 
| 104|0x000000070e000000, 0x000000070e200000, 0x000000070e200000|100%| O|  |TAMS 0x000000070e000000| PB 0x000000070e000000| Untracked 
| 105|0x000000070e200000, 0x000000070e400000, 0x000000070e400000|100%| O|  |TAMS 0x000000070e200000| PB 0x000000070e200000| Untracked 
| 106|0x000000070e400000, 0x000000070e600000, 0x000000070e600000|100%| O|  |TAMS 0x000000070e400000| PB 0x000000070e400000| Untracked 
| 107|0x000000070e600000, 0x000000070e800000, 0x000000070e800000|100%| O|  |TAMS 0x000000070e600000| PB 0x000000070e600000| Untracked 
| 108|0x000000070e800000, 0x000000070ea00000, 0x000000070ea00000|100%| O|  |TAMS 0x000000070e800000| PB 0x000000070e800000| Untracked 
| 109|0x000000070ea00000, 0x000000070ec00000, 0x000000070ec00000|100%| O|  |TAMS 0x000000070ea00000| PB 0x000000070ea00000| Untracked 
| 110|0x000000070ec00000, 0x000000070ee00000, 0x000000070ee00000|100%| O|  |TAMS 0x000000070ec00000| PB 0x000000070ec00000| Untracked 
| 111|0x000000070ee00000, 0x000000070f000000, 0x000000070f000000|100%| O|  |TAMS 0x000000070ee00000| PB 0x000000070ee00000| Untracked 
| 112|0x000000070f000000, 0x000000070f200000, 0x000000070f200000|100%| O|  |TAMS 0x000000070f000000| PB 0x000000070f000000| Untracked 
| 113|0x000000070f200000, 0x000000070f400000, 0x000000070f400000|100%| O|  |TAMS 0x000000070f200000| PB 0x000000070f200000| Untracked 
| 114|0x000000070f400000, 0x000000070f600000, 0x000000070f600000|100%| O|  |TAMS 0x000000070f400000| PB 0x000000070f400000| Untracked 
| 115|0x000000070f600000, 0x000000070f800000, 0x000000070f800000|100%| O|  |TAMS 0x000000070f600000| PB 0x000000070f600000| Untracked 
| 116|0x000000070f800000, 0x000000070fa00000, 0x000000070fa00000|100%| O|  |TAMS 0x000000070f800000| PB 0x000000070f800000| Untracked 
| 117|0x000000070fa00000, 0x000000070fc00000, 0x000000070fc00000|100%| O|  |TAMS 0x000000070fa00000| PB 0x000000070fa00000| Untracked 
| 118|0x000000070fc00000, 0x000000070fe00000, 0x000000070fe00000|100%| O|  |TAMS 0x000000070fc00000| PB 0x000000070fc00000| Untracked 
| 119|0x000000070fe00000, 0x0000000710000000, 0x0000000710000000|100%| O|  |TAMS 0x000000070fe00000| PB 0x000000070fe00000| Untracked 
| 120|0x0000000710000000, 0x0000000710200000, 0x0000000710200000|100%| O|  |TAMS 0x0000000710000000| PB 0x0000000710000000| Untracked 
| 121|0x0000000710200000, 0x0000000710400000, 0x0000000710400000|100%| O|  |TAMS 0x0000000710200000| PB 0x0000000710200000| Untracked 
| 122|0x0000000710400000, 0x0000000710600000, 0x0000000710600000|100%| O|  |TAMS 0x0000000710400000| PB 0x0000000710400000| Untracked 
| 123|0x0000000710600000, 0x0000000710800000, 0x0000000710800000|100%| O|  |TAMS 0x0000000710600000| PB 0x0000000710600000| Untracked 
| 124|0x0000000710800000, 0x0000000710a00000, 0x0000000710a00000|100%| O|  |TAMS 0x0000000710800000| PB 0x0000000710800000| Untracked 
| 125|0x0000000710a00000, 0x0000000710c00000, 0x0000000710c00000|100%| O|  |TAMS 0x0000000710a00000| PB 0x0000000710a00000| Untracked 
| 126|0x0000000710c00000, 0x0000000710e00000, 0x0000000710e00000|100%| O|  |TAMS 0x0000000710c00000| PB 0x0000000710c00000| Untracked 
| 127|0x0000000710e00000, 0x0000000711000000, 0x0000000711000000|100%| O|  |TAMS 0x0000000710e00000| PB 0x0000000710e00000| Untracked 
| 128|0x0000000711000000, 0x0000000711200000, 0x0000000711200000|100%| O|  |TAMS 0x0000000711000000| PB 0x0000000711000000| Untracked 
| 129|0x0000000711200000, 0x0000000711400000, 0x0000000711400000|100%| O|  |TAMS 0x0000000711200000| PB 0x0000000711200000| Untracked 
| 130|0x0000000711400000, 0x0000000711600000, 0x0000000711600000|100%| O|  |TAMS 0x0000000711400000| PB 0x0000000711400000| Untracked 
| 131|0x0000000711600000, 0x0000000711800000, 0x0000000711800000|100%| O|  |TAMS 0x0000000711600000| PB 0x0000000711600000| Untracked 
| 132|0x0000000711800000, 0x0000000711a00000, 0x0000000711a00000|100%| O|  |TAMS 0x0000000711800000| PB 0x0000000711800000| Untracked 
| 133|0x0000000711a00000, 0x0000000711c00000, 0x0000000711c00000|100%| O|  |TAMS 0x0000000711a00000| PB 0x0000000711a00000| Untracked 
| 134|0x0000000711c00000, 0x0000000711e00000, 0x0000000711e00000|100%| O|  |TAMS 0x0000000711c00000| PB 0x0000000711c00000| Untracked 
| 135|0x0000000711e00000, 0x0000000712000000, 0x0000000712000000|100%| O|  |TAMS 0x0000000711e00000| PB 0x0000000711e00000| Untracked 
| 136|0x0000000712000000, 0x0000000712200000, 0x0000000712200000|100%| O|  |TAMS 0x0000000712000000| PB 0x0000000712000000| Untracked 
| 137|0x0000000712200000, 0x0000000712400000, 0x0000000712400000|100%| O|  |TAMS 0x0000000712200000| PB 0x0000000712200000| Untracked 
| 138|0x0000000712400000, 0x0000000712600000, 0x0000000712600000|100%| O|  |TAMS 0x0000000712400000| PB 0x0000000712400000| Untracked 
| 139|0x0000000712600000, 0x0000000712800000, 0x0000000712800000|100%|HS|  |TAMS 0x0000000712600000| PB 0x0000000712600000| Complete 
| 140|0x0000000712800000, 0x0000000712a00000, 0x0000000712a00000|100%|HC|  |TAMS 0x0000000712800000| PB 0x0000000712800000| Complete 
| 141|0x0000000712a00000, 0x0000000712c00000, 0x0000000712c00000|100%|HC|  |TAMS 0x0000000712a00000| PB 0x0000000712a00000| Complete 
| 142|0x0000000712c00000, 0x0000000712e00000, 0x0000000712e00000|100%|HS|  |TAMS 0x0000000712c00000| PB 0x0000000712c00000| Complete 
| 143|0x0000000712e00000, 0x0000000713000000, 0x0000000713000000|100%|HC|  |TAMS 0x0000000712e00000| PB 0x0000000712e00000| Complete 
| 144|0x0000000713000000, 0x0000000713200000, 0x0000000713200000|100%|HC|  |TAMS 0x0000000713000000| PB 0x0000000713000000| Complete 
| 145|0x0000000713200000, 0x0000000713400000, 0x0000000713400000|100%| O|  |TAMS 0x0000000713200000| PB 0x0000000713200000| Untracked 
| 146|0x0000000713400000, 0x0000000713600000, 0x0000000713600000|100%| O|  |TAMS 0x0000000713400000| PB 0x0000000713400000| Untracked 
| 147|0x0000000713600000, 0x0000000713800000, 0x0000000713800000|100%| O|  |TAMS 0x0000000713600000| PB 0x0000000713600000| Untracked 
| 148|0x0000000713800000, 0x0000000713a00000, 0x0000000713a00000|100%| O|  |TAMS 0x0000000713800000| PB 0x0000000713800000| Untracked 
| 149|0x0000000713a00000, 0x0000000713a00000, 0x0000000713c00000|  0%| F|  |TAMS 0x0000000713a00000| PB 0x0000000713a00000| Untracked 
| 150|0x0000000713c00000, 0x0000000713c00000, 0x0000000713e00000|  0%| F|  |TAMS 0x0000000713c00000| PB 0x0000000713c00000| Untracked 
| 151|0x0000000713e00000, 0x0000000713e00000, 0x0000000714000000|  0%| F|  |TAMS 0x0000000713e00000| PB 0x0000000713e00000| Untracked 
| 152|0x0000000714000000, 0x0000000714000000, 0x0000000714200000|  0%| F|  |TAMS 0x0000000714000000| PB 0x0000000714000000| Untracked 
| 153|0x0000000714200000, 0x0000000714400000, 0x0000000714400000|100%| O|  |TAMS 0x0000000714200000| PB 0x0000000714200000| Untracked 
| 154|0x0000000714400000, 0x0000000714600000, 0x0000000714600000|100%| O|  |TAMS 0x0000000714400000| PB 0x0000000714400000| Untracked 
| 155|0x0000000714600000, 0x0000000714800000, 0x0000000714800000|100%| O|  |TAMS 0x0000000714600000| PB 0x0000000714600000| Untracked 
| 156|0x0000000714800000, 0x0000000714a00000, 0x0000000714a00000|100%| O|  |TAMS 0x0000000714800000| PB 0x0000000714800000| Untracked 
| 157|0x0000000714a00000, 0x0000000714c00000, 0x0000000714c00000|100%| O|  |TAMS 0x0000000714a00000| PB 0x0000000714a00000| Untracked 
| 158|0x0000000714c00000, 0x0000000714e00000, 0x0000000714e00000|100%| O|  |TAMS 0x0000000714c00000| PB 0x0000000714c00000| Untracked 
| 159|0x0000000714e00000, 0x0000000715000000, 0x0000000715000000|100%| O|  |TAMS 0x0000000714e00000| PB 0x0000000714e00000| Untracked 
| 160|0x0000000715000000, 0x0000000715200000, 0x0000000715200000|100%| O|  |TAMS 0x0000000715000000| PB 0x0000000715000000| Untracked 
| 161|0x0000000715200000, 0x0000000715400000, 0x0000000715400000|100%| O|  |TAMS 0x0000000715200000| PB 0x0000000715200000| Untracked 
| 162|0x0000000715400000, 0x0000000715600000, 0x0000000715600000|100%| O|  |TAMS 0x0000000715400000| PB 0x0000000715400000| Untracked 
| 163|0x0000000715600000, 0x0000000715800000, 0x0000000715800000|100%| O|  |TAMS 0x0000000715600000| PB 0x0000000715600000| Untracked 
| 164|0x0000000715800000, 0x0000000715a00000, 0x0000000715a00000|100%| O|  |TAMS 0x0000000715800000| PB 0x0000000715800000| Untracked 
| 165|0x0000000715a00000, 0x0000000715c00000, 0x0000000715c00000|100%| O|  |TAMS 0x0000000715a00000| PB 0x0000000715a00000| Untracked 
| 166|0x0000000715c00000, 0x0000000715c00000, 0x0000000715e00000|  0%| F|  |TAMS 0x0000000715c00000| PB 0x0000000715c00000| Untracked 
| 167|0x0000000715e00000, 0x0000000715e00000, 0x0000000716000000|  0%| F|  |TAMS 0x0000000715e00000| PB 0x0000000715e00000| Untracked 
| 168|0x0000000716000000, 0x0000000716000000, 0x0000000716200000|  0%| F|  |TAMS 0x0000000716000000| PB 0x0000000716000000| Untracked 
| 169|0x0000000716200000, 0x0000000716200000, 0x0000000716400000|  0%| F|  |TAMS 0x0000000716200000| PB 0x0000000716200000| Untracked 
| 170|0x0000000716400000, 0x0000000716400000, 0x0000000716600000|  0%| F|  |TAMS 0x0000000716400000| PB 0x0000000716400000| Untracked 
| 171|0x0000000716600000, 0x0000000716600000, 0x0000000716800000|  0%| F|  |TAMS 0x0000000716600000| PB 0x0000000716600000| Untracked 
| 172|0x0000000716800000, 0x0000000716800000, 0x0000000716a00000|  0%| F|  |TAMS 0x0000000716800000| PB 0x0000000716800000| Untracked 
| 173|0x0000000716a00000, 0x0000000716a00000, 0x0000000716c00000|  0%| F|  |TAMS 0x0000000716a00000| PB 0x0000000716a00000| Untracked 
| 174|0x0000000716c00000, 0x0000000716c00000, 0x0000000716e00000|  0%| F|  |TAMS 0x0000000716c00000| PB 0x0000000716c00000| Untracked 
| 175|0x0000000716e00000, 0x0000000716e00000, 0x0000000717000000|  0%| F|  |TAMS 0x0000000716e00000| PB 0x0000000716e00000| Untracked 
| 176|0x0000000717000000, 0x0000000717000000, 0x0000000717200000|  0%| F|  |TAMS 0x0000000717000000| PB 0x0000000717000000| Untracked 
| 177|0x0000000717200000, 0x0000000717200000, 0x0000000717400000|  0%| F|  |TAMS 0x0000000717200000| PB 0x0000000717200000| Untracked 
| 178|0x0000000717400000, 0x0000000717400000, 0x0000000717600000|  0%| F|  |TAMS 0x0000000717400000| PB 0x0000000717400000| Untracked 
| 179|0x0000000717600000, 0x0000000717600000, 0x0000000717800000|  0%| F|  |TAMS 0x0000000717600000| PB 0x0000000717600000| Untracked 
| 180|0x0000000717800000, 0x0000000717800000, 0x0000000717a00000|  0%| F|  |TAMS 0x0000000717800000| PB 0x0000000717800000| Untracked 
| 181|0x0000000717a00000, 0x0000000717a00000, 0x0000000717c00000|  0%| F|  |TAMS 0x0000000717a00000| PB 0x0000000717a00000| Untracked 
| 182|0x0000000717c00000, 0x0000000717c00000, 0x0000000717e00000|  0%| F|  |TAMS 0x0000000717c00000| PB 0x0000000717c00000| Untracked 
| 183|0x0000000717e00000, 0x0000000717e00000, 0x0000000718000000|  0%| F|  |TAMS 0x0000000717e00000| PB 0x0000000717e00000| Untracked 
| 184|0x0000000718000000, 0x0000000718200000, 0x0000000718200000|100%| O|  |TAMS 0x0000000718000000| PB 0x0000000718000000| Untracked 
| 185|0x0000000718200000, 0x0000000718400000, 0x0000000718400000|100%| O|  |TAMS 0x0000000718200000| PB 0x0000000718200000| Untracked 
| 186|0x0000000718400000, 0x0000000718600000, 0x0000000718600000|100%| O|  |TAMS 0x0000000718400000| PB 0x0000000718400000| Untracked 
| 187|0x0000000718600000, 0x0000000718800000, 0x0000000718800000|100%| O|  |TAMS 0x0000000718600000| PB 0x0000000718600000| Untracked 
| 188|0x0000000718800000, 0x0000000718a00000, 0x0000000718a00000|100%| O|  |TAMS 0x0000000718800000| PB 0x0000000718800000| Untracked 
| 189|0x0000000718a00000, 0x0000000718be1040, 0x0000000718c00000| 93%| O|  |TAMS 0x0000000718a00000| PB 0x0000000718a00000| Untracked 
| 190|0x0000000718c00000, 0x0000000718c00000, 0x0000000718e00000|  0%| F|  |TAMS 0x0000000718c00000| PB 0x0000000718c00000| Untracked 
| 191|0x0000000718e00000, 0x0000000718e00000, 0x0000000719000000|  0%| F|  |TAMS 0x0000000718e00000| PB 0x0000000718e00000| Untracked 
| 192|0x0000000719000000, 0x0000000719000000, 0x0000000719200000|  0%| F|  |TAMS 0x0000000719000000| PB 0x0000000719000000| Untracked 
| 193|0x0000000719200000, 0x0000000719200000, 0x0000000719400000|  0%| F|  |TAMS 0x0000000719200000| PB 0x0000000719200000| Untracked 
| 194|0x0000000719400000, 0x0000000719400000, 0x0000000719600000|  0%| F|  |TAMS 0x0000000719400000| PB 0x0000000719400000| Untracked 
| 195|0x0000000719600000, 0x0000000719600000, 0x0000000719800000|  0%| F|  |TAMS 0x0000000719600000| PB 0x0000000719600000| Untracked 
| 196|0x0000000719800000, 0x0000000719a00000, 0x0000000719a00000|100%| S|CS|TAMS 0x0000000719800000| PB 0x0000000719800000| Complete 
| 197|0x0000000719a00000, 0x0000000719c00000, 0x0000000719c00000|100%| S|CS|TAMS 0x0000000719a00000| PB 0x0000000719a00000| Complete 
| 198|0x0000000719c00000, 0x0000000719e00000, 0x0000000719e00000|100%| S|CS|TAMS 0x0000000719c00000| PB 0x0000000719c00000| Complete 
| 199|0x0000000719e00000, 0x000000071a000000, 0x000000071a000000|100%| S|CS|TAMS 0x0000000719e00000| PB 0x0000000719e00000| Complete 
| 200|0x000000071a000000, 0x000000071a200000, 0x000000071a200000|100%| S|CS|TAMS 0x000000071a000000| PB 0x000000071a000000| Complete 
| 201|0x000000071a200000, 0x000000071a400000, 0x000000071a400000|100%| S|CS|TAMS 0x000000071a200000| PB 0x000000071a200000| Complete 
| 202|0x000000071a400000, 0x000000071a600000, 0x000000071a600000|100%| S|CS|TAMS 0x000000071a400000| PB 0x000000071a400000| Complete 
| 203|0x000000071a600000, 0x000000071a800000, 0x000000071a800000|100%| S|CS|TAMS 0x000000071a600000| PB 0x000000071a600000| Complete 
| 204|0x000000071a800000, 0x000000071aa00000, 0x000000071aa00000|100%| S|CS|TAMS 0x000000071a800000| PB 0x000000071a800000| Complete 
| 205|0x000000071aa00000, 0x000000071ac00000, 0x000000071ac00000|100%| S|CS|TAMS 0x000000071aa00000| PB 0x000000071aa00000| Complete 
| 206|0x000000071ac00000, 0x000000071ae00000, 0x000000071ae00000|100%| S|CS|TAMS 0x000000071ac00000| PB 0x000000071ac00000| Complete 
| 207|0x000000071ae00000, 0x000000071b000000, 0x000000071b000000|100%| S|CS|TAMS 0x000000071ae00000| PB 0x000000071ae00000| Complete 
| 208|0x000000071b000000, 0x000000071b200000, 0x000000071b200000|100%| S|CS|TAMS 0x000000071b000000| PB 0x000000071b000000| Complete 
| 209|0x000000071b200000, 0x000000071b400000, 0x000000071b400000|100%| S|CS|TAMS 0x000000071b200000| PB 0x000000071b200000| Complete 
| 210|0x000000071b400000, 0x000000071b600000, 0x000000071b600000|100%| S|CS|TAMS 0x000000071b400000| PB 0x000000071b400000| Complete 
| 211|0x000000071b600000, 0x000000071b600000, 0x000000071b800000|  0%| F|  |TAMS 0x000000071b600000| PB 0x000000071b600000| Untracked 
| 212|0x000000071b800000, 0x000000071b800000, 0x000000071ba00000|  0%| F|  |TAMS 0x000000071b800000| PB 0x000000071b800000| Untracked 
| 213|0x000000071ba00000, 0x000000071ba00000, 0x000000071bc00000|  0%| F|  |TAMS 0x000000071ba00000| PB 0x000000071ba00000| Untracked 
| 214|0x000000071bc00000, 0x000000071bc00000, 0x000000071be00000|  0%| F|  |TAMS 0x000000071bc00000| PB 0x000000071bc00000| Untracked 
| 215|0x000000071be00000, 0x000000071be00000, 0x000000071c000000|  0%| F|  |TAMS 0x000000071be00000| PB 0x000000071be00000| Untracked 
| 216|0x000000071c000000, 0x000000071c000000, 0x000000071c200000|  0%| F|  |TAMS 0x000000071c000000| PB 0x000000071c000000| Untracked 
| 217|0x000000071c200000, 0x000000071c200000, 0x000000071c400000|  0%| F|  |TAMS 0x000000071c200000| PB 0x000000071c200000| Untracked 
| 218|0x000000071c400000, 0x000000071c400000, 0x000000071c600000|  0%| F|  |TAMS 0x000000071c400000| PB 0x000000071c400000| Untracked 
| 219|0x000000071c600000, 0x000000071c600000, 0x000000071c800000|  0%| F|  |TAMS 0x000000071c600000| PB 0x000000071c600000| Untracked 
| 220|0x000000071c800000, 0x000000071c800000, 0x000000071ca00000|  0%| F|  |TAMS 0x000000071c800000| PB 0x000000071c800000| Untracked 
| 221|0x000000071ca00000, 0x000000071ca00000, 0x000000071cc00000|  0%| F|  |TAMS 0x000000071ca00000| PB 0x000000071ca00000| Untracked 
| 222|0x000000071cc00000, 0x000000071cc00000, 0x000000071ce00000|  0%| F|  |TAMS 0x000000071cc00000| PB 0x000000071cc00000| Untracked 
| 223|0x000000071ce00000, 0x000000071ce00000, 0x000000071d000000|  0%| F|  |TAMS 0x000000071ce00000| PB 0x000000071ce00000| Untracked 
| 224|0x000000071d000000, 0x000000071d000000, 0x000000071d200000|  0%| F|  |TAMS 0x000000071d000000| PB 0x000000071d000000| Untracked 
| 225|0x000000071d200000, 0x000000071d200000, 0x000000071d400000|  0%| F|  |TAMS 0x000000071d200000| PB 0x000000071d200000| Untracked 
| 226|0x000000071d400000, 0x000000071d400000, 0x000000071d600000|  0%| F|  |TAMS 0x000000071d400000| PB 0x000000071d400000| Untracked 
| 227|0x000000071d600000, 0x000000071d600000, 0x000000071d800000|  0%| F|  |TAMS 0x000000071d600000| PB 0x000000071d600000| Untracked 
| 228|0x000000071d800000, 0x000000071d800000, 0x000000071da00000|  0%| F|  |TAMS 0x000000071d800000| PB 0x000000071d800000| Untracked 
| 229|0x000000071da00000, 0x000000071da00000, 0x000000071dc00000|  0%| F|  |TAMS 0x000000071da00000| PB 0x000000071da00000| Untracked 
| 230|0x000000071dc00000, 0x000000071dc00000, 0x000000071de00000|  0%| F|  |TAMS 0x000000071dc00000| PB 0x000000071dc00000| Untracked 
| 231|0x000000071de00000, 0x000000071de00000, 0x000000071e000000|  0%| F|  |TAMS 0x000000071de00000| PB 0x000000071de00000| Untracked 
| 232|0x000000071e000000, 0x000000071e000000, 0x000000071e200000|  0%| F|  |TAMS 0x000000071e000000| PB 0x000000071e000000| Untracked 
| 233|0x000000071e200000, 0x000000071e200000, 0x000000071e400000|  0%| F|  |TAMS 0x000000071e200000| PB 0x000000071e200000| Untracked 
| 234|0x000000071e400000, 0x000000071e400000, 0x000000071e600000|  0%| F|  |TAMS 0x000000071e400000| PB 0x000000071e400000| Untracked 
| 235|0x000000071e600000, 0x000000071e600000, 0x000000071e800000|  0%| F|  |TAMS 0x000000071e600000| PB 0x000000071e600000| Untracked 
| 236|0x000000071e800000, 0x000000071e800000, 0x000000071ea00000|  0%| F|  |TAMS 0x000000071e800000| PB 0x000000071e800000| Untracked 
| 237|0x000000071ea00000, 0x000000071ea00000, 0x000000071ec00000|  0%| F|  |TAMS 0x000000071ea00000| PB 0x000000071ea00000| Untracked 
| 238|0x000000071ec00000, 0x000000071ec00000, 0x000000071ee00000|  0%| F|  |TAMS 0x000000071ec00000| PB 0x000000071ec00000| Untracked 
| 239|0x000000071ee00000, 0x000000071ee00000, 0x000000071f000000|  0%| F|  |TAMS 0x000000071ee00000| PB 0x000000071ee00000| Untracked 
| 240|0x000000071f000000, 0x000000071f000000, 0x000000071f200000|  0%| F|  |TAMS 0x000000071f000000| PB 0x000000071f000000| Untracked 
| 241|0x000000071f200000, 0x000000071f200000, 0x000000071f400000|  0%| F|  |TAMS 0x000000071f200000| PB 0x000000071f200000| Untracked 
| 242|0x000000071f400000, 0x000000071f400000, 0x000000071f600000|  0%| F|  |TAMS 0x000000071f400000| PB 0x000000071f400000| Untracked 
| 243|0x000000071f600000, 0x000000071f600000, 0x000000071f800000|  0%| F|  |TAMS 0x000000071f600000| PB 0x000000071f600000| Untracked 
| 244|0x000000071f800000, 0x000000071f800000, 0x000000071fa00000|  0%| F|  |TAMS 0x000000071f800000| PB 0x000000071f800000| Untracked 
| 245|0x000000071fa00000, 0x000000071fa00000, 0x000000071fc00000|  0%| F|  |TAMS 0x000000071fa00000| PB 0x000000071fa00000| Untracked 
| 246|0x000000071fc00000, 0x000000071fc00000, 0x000000071fe00000|  0%| F|  |TAMS 0x000000071fc00000| PB 0x000000071fc00000| Untracked 
| 247|0x000000071fe00000, 0x000000071fe00000, 0x0000000720000000|  0%| F|  |TAMS 0x000000071fe00000| PB 0x000000071fe00000| Untracked 
| 248|0x0000000720000000, 0x0000000720000000, 0x0000000720200000|  0%| F|  |TAMS 0x0000000720000000| PB 0x0000000720000000| Untracked 
| 249|0x0000000720200000, 0x0000000720200000, 0x0000000720400000|  0%| F|  |TAMS 0x0000000720200000| PB 0x0000000720200000| Untracked 
| 250|0x0000000720400000, 0x0000000720400000, 0x0000000720600000|  0%| F|  |TAMS 0x0000000720400000| PB 0x0000000720400000| Untracked 
| 251|0x0000000720600000, 0x0000000720600000, 0x0000000720800000|  0%| F|  |TAMS 0x0000000720600000| PB 0x0000000720600000| Untracked 
| 252|0x0000000720800000, 0x0000000720800000, 0x0000000720a00000|  0%| F|  |TAMS 0x0000000720800000| PB 0x0000000720800000| Untracked 
| 253|0x0000000720a00000, 0x0000000720a00000, 0x0000000720c00000|  0%| F|  |TAMS 0x0000000720a00000| PB 0x0000000720a00000| Untracked 
| 254|0x0000000720c00000, 0x0000000720c00000, 0x0000000720e00000|  0%| F|  |TAMS 0x0000000720c00000| PB 0x0000000720c00000| Untracked 
| 255|0x0000000720e00000, 0x0000000720e00000, 0x0000000721000000|  0%| F|  |TAMS 0x0000000720e00000| PB 0x0000000720e00000| Untracked 
| 256|0x0000000721000000, 0x0000000721000000, 0x0000000721200000|  0%| F|  |TAMS 0x0000000721000000| PB 0x0000000721000000| Untracked 
| 257|0x0000000721200000, 0x0000000721200000, 0x0000000721400000|  0%| F|  |TAMS 0x0000000721200000| PB 0x0000000721200000| Untracked 
| 258|0x0000000721400000, 0x0000000721400000, 0x0000000721600000|  0%| F|  |TAMS 0x0000000721400000| PB 0x0000000721400000| Untracked 
| 259|0x0000000721600000, 0x0000000721600000, 0x0000000721800000|  0%| F|  |TAMS 0x0000000721600000| PB 0x0000000721600000| Untracked 
| 260|0x0000000721800000, 0x0000000721900800, 0x0000000721a00000| 50%| E|  |TAMS 0x0000000721800000| PB 0x0000000721800000| Complete 
| 261|0x0000000721a00000, 0x0000000721c00000, 0x0000000721c00000|100%| E|CS|TAMS 0x0000000721a00000| PB 0x0000000721a00000| Complete 
| 262|0x0000000721c00000, 0x0000000721e00000, 0x0000000721e00000|100%| E|CS|TAMS 0x0000000721c00000| PB 0x0000000721c00000| Complete 
| 263|0x0000000721e00000, 0x0000000722000000, 0x0000000722000000|100%| E|CS|TAMS 0x0000000721e00000| PB 0x0000000721e00000| Complete 
| 264|0x0000000722000000, 0x0000000722200000, 0x0000000722200000|100%| E|CS|TAMS 0x0000000722000000| PB 0x0000000722000000| Complete 
| 265|0x0000000722200000, 0x0000000722400000, 0x0000000722400000|100%| E|CS|TAMS 0x0000000722200000| PB 0x0000000722200000| Complete 
| 266|0x0000000722400000, 0x0000000722600000, 0x0000000722600000|100%| E|CS|TAMS 0x0000000722400000| PB 0x0000000722400000| Complete 
| 267|0x0000000722600000, 0x0000000722800000, 0x0000000722800000|100%| E|CS|TAMS 0x0000000722600000| PB 0x0000000722600000| Complete 
| 268|0x0000000722800000, 0x0000000722a00000, 0x0000000722a00000|100%| E|CS|TAMS 0x0000000722800000| PB 0x0000000722800000| Complete 
| 269|0x0000000722a00000, 0x0000000722c00000, 0x0000000722c00000|100%| E|CS|TAMS 0x0000000722a00000| PB 0x0000000722a00000| Complete 
| 270|0x0000000722c00000, 0x0000000722e00000, 0x0000000722e00000|100%| E|CS|TAMS 0x0000000722c00000| PB 0x0000000722c00000| Complete 
| 271|0x0000000722e00000, 0x0000000723000000, 0x0000000723000000|100%| E|CS|TAMS 0x0000000722e00000| PB 0x0000000722e00000| Complete 
| 272|0x0000000723000000, 0x0000000723200000, 0x0000000723200000|100%| E|CS|TAMS 0x0000000723000000| PB 0x0000000723000000| Complete 
| 273|0x0000000723200000, 0x0000000723400000, 0x0000000723400000|100%| E|CS|TAMS 0x0000000723200000| PB 0x0000000723200000| Complete 
| 274|0x0000000723400000, 0x0000000723600000, 0x0000000723600000|100%| E|CS|TAMS 0x0000000723400000| PB 0x0000000723400000| Complete 
| 275|0x0000000723600000, 0x0000000723800000, 0x0000000723800000|100%| E|CS|TAMS 0x0000000723600000| PB 0x0000000723600000| Complete 
| 276|0x0000000723800000, 0x0000000723a00000, 0x0000000723a00000|100%| E|CS|TAMS 0x0000000723800000| PB 0x0000000723800000| Complete 
| 277|0x0000000723a00000, 0x0000000723c00000, 0x0000000723c00000|100%| E|CS|TAMS 0x0000000723a00000| PB 0x0000000723a00000| Complete 
| 278|0x0000000723c00000, 0x0000000723e00000, 0x0000000723e00000|100%| E|CS|TAMS 0x0000000723c00000| PB 0x0000000723c00000| Complete 
| 279|0x0000000723e00000, 0x0000000724000000, 0x0000000724000000|100%| E|CS|TAMS 0x0000000723e00000| PB 0x0000000723e00000| Complete 
| 280|0x0000000724000000, 0x0000000724200000, 0x0000000724200000|100%| E|CS|TAMS 0x0000000724000000| PB 0x0000000724000000| Complete 
| 281|0x0000000724200000, 0x0000000724400000, 0x0000000724400000|100%| E|CS|TAMS 0x0000000724200000| PB 0x0000000724200000| Complete 
| 282|0x0000000724400000, 0x0000000724600000, 0x0000000724600000|100%| E|CS|TAMS 0x0000000724400000| PB 0x0000000724400000| Complete 
| 283|0x0000000724600000, 0x0000000724800000, 0x0000000724800000|100%| E|CS|TAMS 0x0000000724600000| PB 0x0000000724600000| Complete 
| 284|0x0000000724800000, 0x0000000724a00000, 0x0000000724a00000|100%| E|CS|TAMS 0x0000000724800000| PB 0x0000000724800000| Complete 
| 285|0x0000000724a00000, 0x0000000724c00000, 0x0000000724c00000|100%| E|CS|TAMS 0x0000000724a00000| PB 0x0000000724a00000| Complete 
| 286|0x0000000724c00000, 0x0000000724e00000, 0x0000000724e00000|100%| E|CS|TAMS 0x0000000724c00000| PB 0x0000000724c00000| Complete 
| 287|0x0000000724e00000, 0x0000000725000000, 0x0000000725000000|100%| E|CS|TAMS 0x0000000724e00000| PB 0x0000000724e00000| Complete 
| 288|0x0000000725000000, 0x0000000725200000, 0x0000000725200000|100%| E|CS|TAMS 0x0000000725000000| PB 0x0000000725000000| Complete 
| 289|0x0000000725200000, 0x0000000725400000, 0x0000000725400000|100%| E|CS|TAMS 0x0000000725200000| PB 0x0000000725200000| Complete 
| 290|0x0000000725400000, 0x0000000725600000, 0x0000000725600000|100%| E|CS|TAMS 0x0000000725400000| PB 0x0000000725400000| Complete 
| 291|0x0000000725600000, 0x0000000725800000, 0x0000000725800000|100%| E|CS|TAMS 0x0000000725600000| PB 0x0000000725600000| Complete 
| 292|0x0000000725800000, 0x0000000725a00000, 0x0000000725a00000|100%| E|CS|TAMS 0x0000000725800000| PB 0x0000000725800000| Complete 
| 293|0x0000000725a00000, 0x0000000725c00000, 0x0000000725c00000|100%| E|CS|TAMS 0x0000000725a00000| PB 0x0000000725a00000| Complete 
| 294|0x0000000725c00000, 0x0000000725e00000, 0x0000000725e00000|100%| E|CS|TAMS 0x0000000725c00000| PB 0x0000000725c00000| Complete 
| 295|0x0000000725e00000, 0x0000000726000000, 0x0000000726000000|100%| E|CS|TAMS 0x0000000725e00000| PB 0x0000000725e00000| Complete 
| 296|0x0000000726000000, 0x0000000726200000, 0x0000000726200000|100%| E|CS|TAMS 0x0000000726000000| PB 0x0000000726000000| Complete 
| 297|0x0000000726200000, 0x0000000726400000, 0x0000000726400000|100%| E|CS|TAMS 0x0000000726200000| PB 0x0000000726200000| Complete 
| 298|0x0000000726400000, 0x0000000726600000, 0x0000000726600000|100%| E|CS|TAMS 0x0000000726400000| PB 0x0000000726400000| Complete 
| 299|0x0000000726600000, 0x0000000726800000, 0x0000000726800000|100%| E|CS|TAMS 0x0000000726600000| PB 0x0000000726600000| Complete 
| 300|0x0000000726800000, 0x0000000726a00000, 0x0000000726a00000|100%| E|CS|TAMS 0x0000000726800000| PB 0x0000000726800000| Complete 
| 301|0x0000000726a00000, 0x0000000726c00000, 0x0000000726c00000|100%| E|CS|TAMS 0x0000000726a00000| PB 0x0000000726a00000| Complete 
| 302|0x0000000726c00000, 0x0000000726e00000, 0x0000000726e00000|100%| E|CS|TAMS 0x0000000726c00000| PB 0x0000000726c00000| Complete 
| 303|0x0000000726e00000, 0x0000000727000000, 0x0000000727000000|100%| E|CS|TAMS 0x0000000726e00000| PB 0x0000000726e00000| Complete 
| 304|0x0000000727000000, 0x0000000727200000, 0x0000000727200000|100%| E|CS|TAMS 0x0000000727000000| PB 0x0000000727000000| Complete 
| 305|0x0000000727200000, 0x0000000727400000, 0x0000000727400000|100%| E|CS|TAMS 0x0000000727200000| PB 0x0000000727200000| Complete 
| 306|0x0000000727400000, 0x0000000727600000, 0x0000000727600000|100%| E|CS|TAMS 0x0000000727400000| PB 0x0000000727400000| Complete 
| 307|0x0000000727600000, 0x0000000727800000, 0x0000000727800000|100%| E|CS|TAMS 0x0000000727600000| PB 0x0000000727600000| Complete 
| 308|0x0000000727800000, 0x0000000727a00000, 0x0000000727a00000|100%| E|CS|TAMS 0x0000000727800000| PB 0x0000000727800000| Complete 
| 309|0x0000000727a00000, 0x0000000727c00000, 0x0000000727c00000|100%| E|CS|TAMS 0x0000000727a00000| PB 0x0000000727a00000| Complete 
| 310|0x0000000727c00000, 0x0000000727e00000, 0x0000000727e00000|100%| E|CS|TAMS 0x0000000727c00000| PB 0x0000000727c00000| Complete 
| 311|0x0000000727e00000, 0x0000000728000000, 0x0000000728000000|100%| E|CS|TAMS 0x0000000727e00000| PB 0x0000000727e00000| Complete 
| 312|0x0000000728000000, 0x0000000728200000, 0x0000000728200000|100%| E|CS|TAMS 0x0000000728000000| PB 0x0000000728000000| Complete 
| 313|0x0000000728200000, 0x0000000728400000, 0x0000000728400000|100%| E|CS|TAMS 0x0000000728200000| PB 0x0000000728200000| Complete 
| 314|0x0000000728400000, 0x0000000728600000, 0x0000000728600000|100%| E|CS|TAMS 0x0000000728400000| PB 0x0000000728400000| Complete 
| 315|0x0000000728600000, 0x0000000728800000, 0x0000000728800000|100%| E|CS|TAMS 0x0000000728600000| PB 0x0000000728600000| Complete 
| 316|0x0000000728800000, 0x0000000728a00000, 0x0000000728a00000|100%| E|CS|TAMS 0x0000000728800000| PB 0x0000000728800000| Complete 
| 317|0x0000000728a00000, 0x0000000728c00000, 0x0000000728c00000|100%| E|CS|TAMS 0x0000000728a00000| PB 0x0000000728a00000| Complete 
| 318|0x0000000728c00000, 0x0000000728e00000, 0x0000000728e00000|100%| E|CS|TAMS 0x0000000728c00000| PB 0x0000000728c00000| Complete 
| 319|0x0000000728e00000, 0x0000000729000000, 0x0000000729000000|100%| E|CS|TAMS 0x0000000728e00000| PB 0x0000000728e00000| Complete 
| 320|0x0000000729000000, 0x0000000729200000, 0x0000000729200000|100%| E|CS|TAMS 0x0000000729000000| PB 0x0000000729000000| Complete 
| 321|0x0000000729200000, 0x0000000729400000, 0x0000000729400000|100%| E|CS|TAMS 0x0000000729200000| PB 0x0000000729200000| Complete 
| 322|0x0000000729400000, 0x0000000729600000, 0x0000000729600000|100%| E|CS|TAMS 0x0000000729400000| PB 0x0000000729400000| Complete 
| 323|0x0000000729600000, 0x0000000729800000, 0x0000000729800000|100%| E|CS|TAMS 0x0000000729600000| PB 0x0000000729600000| Complete 
| 324|0x0000000729800000, 0x0000000729a00000, 0x0000000729a00000|100%| E|CS|TAMS 0x0000000729800000| PB 0x0000000729800000| Complete 
| 325|0x0000000729a00000, 0x0000000729c00000, 0x0000000729c00000|100%| E|CS|TAMS 0x0000000729a00000| PB 0x0000000729a00000| Complete 
| 326|0x0000000729c00000, 0x0000000729e00000, 0x0000000729e00000|100%| E|CS|TAMS 0x0000000729c00000| PB 0x0000000729c00000| Complete 
| 327|0x0000000729e00000, 0x000000072a000000, 0x000000072a000000|100%| E|CS|TAMS 0x0000000729e00000| PB 0x0000000729e00000| Complete 
| 328|0x000000072a000000, 0x000000072a200000, 0x000000072a200000|100%| E|CS|TAMS 0x000000072a000000| PB 0x000000072a000000| Complete 
| 329|0x000000072a200000, 0x000000072a400000, 0x000000072a400000|100%| E|CS|TAMS 0x000000072a200000| PB 0x000000072a200000| Complete 
| 330|0x000000072a400000, 0x000000072a600000, 0x000000072a600000|100%| E|CS|TAMS 0x000000072a400000| PB 0x000000072a400000| Complete 
| 331|0x000000072a600000, 0x000000072a800000, 0x000000072a800000|100%| E|CS|TAMS 0x000000072a600000| PB 0x000000072a600000| Complete 
| 332|0x000000072a800000, 0x000000072aa00000, 0x000000072aa00000|100%| E|CS|TAMS 0x000000072a800000| PB 0x000000072a800000| Complete 
| 333|0x000000072aa00000, 0x000000072ac00000, 0x000000072ac00000|100%| E|CS|TAMS 0x000000072aa00000| PB 0x000000072aa00000| Complete 
| 334|0x000000072ac00000, 0x000000072ae00000, 0x000000072ae00000|100%| E|CS|TAMS 0x000000072ac00000| PB 0x000000072ac00000| Complete 
| 335|0x000000072ae00000, 0x000000072b000000, 0x000000072b000000|100%| E|CS|TAMS 0x000000072ae00000| PB 0x000000072ae00000| Complete 
| 336|0x000000072b000000, 0x000000072b200000, 0x000000072b200000|100%| E|CS|TAMS 0x000000072b000000| PB 0x000000072b000000| Complete 
| 337|0x000000072b200000, 0x000000072b400000, 0x000000072b400000|100%| E|CS|TAMS 0x000000072b200000| PB 0x000000072b200000| Complete 
| 338|0x000000072b400000, 0x000000072b600000, 0x000000072b600000|100%| E|CS|TAMS 0x000000072b400000| PB 0x000000072b400000| Complete 
| 339|0x000000072b600000, 0x000000072b800000, 0x000000072b800000|100%| E|CS|TAMS 0x000000072b600000| PB 0x000000072b600000| Complete 
| 340|0x000000072b800000, 0x000000072ba00000, 0x000000072ba00000|100%| E|CS|TAMS 0x000000072b800000| PB 0x000000072b800000| Complete 
| 341|0x000000072ba00000, 0x000000072bc00000, 0x000000072bc00000|100%| E|CS|TAMS 0x000000072ba00000| PB 0x000000072ba00000| Complete 
| 342|0x000000072bc00000, 0x000000072be00000, 0x000000072be00000|100%| E|CS|TAMS 0x000000072bc00000| PB 0x000000072bc00000| Complete 
| 343|0x000000072be00000, 0x000000072c000000, 0x000000072c000000|100%| E|CS|TAMS 0x000000072be00000| PB 0x000000072be00000| Complete 
| 344|0x000000072c000000, 0x000000072c200000, 0x000000072c200000|100%| E|CS|TAMS 0x000000072c000000| PB 0x000000072c000000| Complete 
| 345|0x000000072c200000, 0x000000072c400000, 0x000000072c400000|100%| E|CS|TAMS 0x000000072c200000| PB 0x000000072c200000| Complete 
| 346|0x000000072c400000, 0x000000072c600000, 0x000000072c600000|100%| E|CS|TAMS 0x000000072c400000| PB 0x000000072c400000| Complete 
|2036|0x00000007ff800000, 0x00000007ffa00000, 0x00000007ffa00000|100%| E|CS|TAMS 0x00000007ff800000| PB 0x00000007ff800000| Complete 
|2037|0x00000007ffa00000, 0x00000007ffc00000, 0x00000007ffc00000|100%| O|  |TAMS 0x00000007ffa00000| PB 0x00000007ffa00000| Untracked 
|2038|0x00000007ffc00000, 0x00000007ffe00000, 0x00000007ffe00000|100%| O|  |TAMS 0x00000007ffc00000| PB 0x00000007ffc00000| Untracked 
|2039|0x00000007ffe00000, 0x0000000800000000, 0x0000000800000000|100%| O|  |TAMS 0x00000007ffe00000| PB 0x00000007ffe00000| Untracked 

Card table byte_map: [0x0000029327d60000,0x0000029328560000] _byte_map_base: 0x0000029324558000

Marking Bits: (CMBitMap*) 0x000002930de962e0
 Bits: [0x0000029328560000, 0x000002932c520000)

Polling page: 0x000002930dee0000

Metaspace:

Usage:
  Non-class:    112.04 MB used.
      Class:     20.46 MB used.
       Both:    132.50 MB used.

Virtual space:
  Non-class space:      128.00 MB reserved,     112.88 MB ( 88%) committed,  2 nodes.
      Class space:        1.00 GB reserved,      21.19 MB (  2%) committed,  1 nodes.
             Both:        1.12 GB reserved,     134.06 MB ( 12%) committed. 

Chunk freelists:
   Non-Class:  14.69 MB
       Class:  10.87 MB
        Both:  25.56 MB

MaxMetaspaceSize: unlimited
CompressedClassSpaceSize: 1.00 GB
Initial GC threshold: 21.00 MB
Current GC threshold: 204.81 MB
CDS: on
 - commit_granule_bytes: 65536.
 - commit_granule_words: 8192.
 - virtual_space_node_default_size: 8388608.
 - enlarge_chunks_in_place: 1.
 - use_allocation_guard: 0.


Internal statistics:

num_allocs_failed_limit: 18.
num_arena_births: 2416.
num_arena_deaths: 0.
num_vsnodes_births: 3.
num_vsnodes_deaths: 0.
num_space_committed: 2138.
num_space_uncommitted: 0.
num_chunks_returned_to_freelist: 18.
num_chunks_taken_from_freelist: 8317.
num_chunk_merges: 18.
num_chunk_splits: 5138.
num_chunks_enlarged: 3324.
num_inconsistent_stats: 0.

CodeHeap 'non-profiled nmethods': size=120000Kb used=16377Kb max_used=16377Kb free=103623Kb
 bounds [0x000002931f7e0000, 0x00000293207e0000, 0x0000029326d10000]
CodeHeap 'profiled nmethods': size=120000Kb used=37633Kb max_used=37633Kb free=82366Kb
 bounds [0x0000029317d10000, 0x000002931a1e0000, 0x000002931f240000]
CodeHeap 'non-nmethods': size=5760Kb used=3548Kb max_used=3636Kb free=2212Kb
 bounds [0x000002931f240000, 0x000002931f5f0000, 0x000002931f7e0000]
 total_blobs=24114 nmethods=21894 adapters=2121
 compilation: enabled
              stopped_count=0, restarted_count=0
 full_count=0

Compilation events (20 events):
Event: 54.262 Thread 0x000002932edf6db0 26662       2       net.minecraft.world.level.Level::addParticle (1 bytes)
Event: 54.262 Thread 0x000002932edf6db0 nmethod 26662 0x000002931a1bdf90 code [0x000002931a1be120, 0x000002931a1be228]
Event: 54.263 Thread 0x000002932edf6310 nmethod 26603 0x00000293207dc990 code [0x00000293207dcb80, 0x00000293207dd0a8]
Event: 54.263 Thread 0x000002932edf6310 26661       4       net.minecraft.client.renderer.block.LiquidBlockRenderer::tesselate (2322 bytes)
Event: 54.263 Thread 0x000002932edf6db0 26663       2       net.minecraft.world.entity.ambient.Bat::customServerAiStep (538 bytes)
Event: 54.265 Thread 0x000002932edf6db0 nmethod 26663 0x000002931a1be310 code [0x000002931a1be840, 0x000002931a1bfa58]
Event: 54.265 Thread 0x000002932edf6db0 26664       2       net.minecraft.world.entity.ambient.Bat::checkFallDamage (1 bytes)
Event: 54.265 Thread 0x000002932edf6db0 nmethod 26664 0x000002931a1c0590 code [0x000002931a1c0720, 0x000002931a1c0828]
Event: 54.265 Thread 0x000002932edf6db0 26665       2       net.minecraft.world.entity.ai.navigation.PathNavigation::getGroundY (38 bytes)
Event: 54.265 Thread 0x000002932edf6db0 nmethod 26665 0x000002931a1c0910 code [0x000002931a1c0b00, 0x000002931a1c0d88]
Event: 54.266 Thread 0x000002932edf6db0 26666       3       net.minecraft.world.entity.Entity::updateInWaterStateAndDoWaterCurrentPushing (83 bytes)
Event: 54.267 Thread 0x000002932edf6db0 nmethod 26666 0x000002931a1c1010 code [0x000002931a1c1260, 0x000002931a1c1c58]
Event: 54.267 Thread 0x000002932edf6db0 26669       3       io.netty.buffer.PooledHeapByteBuf::getBytes (28 bytes)
Event: 54.267 Thread 0x000002932edf6db0 nmethod 26669 0x000002931a1c1e10 code [0x000002931a1c2040, 0x000002931a1c27b0]
Event: 54.267 Thread 0x000002932edf6db0 26668       2       net.minecraft.network.protocol.game.ClientboundMoveEntityPacket$PosRot::handle (9 bytes)
Event: 54.267 Thread 0x000002932edf6db0 nmethod 26668 0x000002931a1c2b10 code [0x000002931a1c2cc0, 0x000002931a1c2e88]
Event: 54.267 Thread 0x000002932edf6db0 26667       1       net.minecraft.server.MinecraftServer::getSingleplayerProfile (5 bytes)
Event: 54.267 Thread 0x000002932edf6db0 nmethod 26667 0x00000293207dd710 code [0x00000293207dd8a0, 0x00000293207dd970]
Event: 54.277 Thread 0x000002932edf6db0 26671       2       net.minecraft.world.entity.LivingEntity::isCurrentlyGlowing (33 bytes)
Event: 54.278 Thread 0x000002932edf6db0 nmethod 26671 0x000002931a1c2f90 code [0x000002931a1c3140, 0x000002931a1c33c8]

GC Heap History (20 events):
Event: 14.592 GC heap before
{Heap before GC invocations=35 (full 0):
 garbage-first heap   total 415744K, used 387847K [0x0000000701000000, 0x0000000800000000)
  region size 2048K, 86 young (176128K), 7 survivors (14336K)
 Metaspace       used 108574K, committed 109824K, reserved 1179648K
  class space    used 17153K, committed 17728K, reserved 1048576K
}
Event: 14.598 GC heap after
{Heap after GC invocations=36 (full 0):
 garbage-first heap   total 415744K, used 217088K [0x0000000701000000, 0x0000000800000000)
  region size 2048K, 7 young (14336K), 7 survivors (14336K)
 Metaspace       used 108574K, committed 109824K, reserved 1179648K
  class space    used 17153K, committed 17728K, reserved 1048576K
}
Event: 15.351 GC heap before
{Heap before GC invocations=36 (full 0):
 garbage-first heap   total 415744K, used 378880K [0x0000000701000000, 0x0000000800000000)
  region size 2048K, 86 young (176128K), 7 survivors (14336K)
 Metaspace       used 108721K, committed 110016K, reserved 1179648K
  class space    used 17167K, committed 17728K, reserved 1048576K
}
Event: 15.388 GC heap after
{Heap after GC invocations=37 (full 0):
 garbage-first heap   total 415744K, used 220919K [0x0000000701000000, 0x0000000800000000)
  region size 2048K, 5 young (10240K), 5 survivors (10240K)
 Metaspace       used 108721K, committed 110016K, reserved 1179648K
  class space    used 17167K, committed 17728K, reserved 1048576K
}
Event: 15.919 GC heap before
{Heap before GC invocations=37 (full 0):
 garbage-first heap   total 415744K, used 380663K [0x0000000701000000, 0x0000000800000000)
  region size 2048K, 83 young (169984K), 5 survivors (10240K)
 Metaspace       used 109105K, committed 110336K, reserved 1179648K
  class space    used 17204K, committed 17728K, reserved 1048576K
}
Event: 15.930 GC heap after
{Heap after GC invocations=38 (full 0):
 garbage-first heap   total 415744K, used 226045K [0x0000000701000000, 0x0000000800000000)
  region size 2048K, 7 young (14336K), 7 survivors (14336K)
 Metaspace       used 109105K, committed 110336K, reserved 1179648K
  class space    used 17204K, committed 17728K, reserved 1048576K
}
Event: 16.404 GC heap before
{Heap before GC invocations=39 (full 0):
 garbage-first heap   total 415744K, used 377597K [0x0000000701000000, 0x0000000800000000)
  region size 2048K, 81 young (165888K), 7 survivors (14336K)
 Metaspace       used 109148K, committed 110400K, reserved 1179648K
  class space    used 17206K, committed 17728K, reserved 1048576K
}
Event: 16.426 GC heap after
{Heap after GC invocations=40 (full 0):
 garbage-first heap   total 419840K, used 253896K [0x0000000701000000, 0x0000000800000000)
  region size 2048K, 11 young (22528K), 11 survivors (22528K)
 Metaspace       used 109148K, committed 110400K, reserved 1179648K
  class space    used 17206K, committed 17728K, reserved 1048576K
}
Event: 18.550 GC heap before
{Heap before GC invocations=40 (full 0):
 garbage-first heap   total 419840K, used 374728K [0x0000000701000000, 0x0000000800000000)
  region size 2048K, 70 young (143360K), 11 survivors (22528K)
 Metaspace       used 109540K, committed 110784K, reserved 1179648K
  class space    used 17266K, committed 17792K, reserved 1048576K
}
Event: 18.567 GC heap after
{Heap after GC invocations=41 (full 0):
 garbage-first heap   total 718848K, used 274432K [0x0000000701000000, 0x0000000800000000)
  region size 2048K, 9 young (18432K), 9 survivors (18432K)
 Metaspace       used 109540K, committed 110784K, reserved 1179648K
  class space    used 17266K, committed 17792K, reserved 1048576K
}
Event: 46.971 GC heap before
{Heap before GC invocations=41 (full 0):
 garbage-first heap   total 718848K, used 649216K [0x0000000701000000, 0x0000000800000000)
  region size 2048K, 187 young (382976K), 9 survivors (18432K)
 Metaspace       used 114565K, committed 115904K, reserved 1179648K
  class space    used 17963K, committed 18560K, reserved 1048576K
}
Event: 47.013 GC heap after
{Heap after GC invocations=42 (full 0):
 garbage-first heap   total 718848K, used 292864K [0x0000000701000000, 0x0000000800000000)
  region size 2048K, 18 young (36864K), 18 survivors (36864K)
 Metaspace       used 114565K, committed 115904K, reserved 1179648K
  class space    used 17963K, committed 18560K, reserved 1048576K
}
Event: 47.669 GC heap before
{Heap before GC invocations=42 (full 0):
 garbage-first heap   total 718848K, used 634880K [0x0000000701000000, 0x0000000800000000)
  region size 2048K, 186 young (380928K), 18 survivors (36864K)
 Metaspace       used 116515K, committed 117888K, reserved 1179648K
  class space    used 18326K, committed 18944K, reserved 1048576K
}
Event: 47.689 GC heap after
{Heap after GC invocations=43 (full 0):
 garbage-first heap   total 718848K, used 302630K [0x0000000701000000, 0x0000000800000000)
  region size 2048K, 13 young (26624K), 13 survivors (26624K)
 Metaspace       used 116515K, committed 117888K, reserved 1179648K
  class space    used 18326K, committed 18944K, reserved 1048576K
}
Event: 50.605 GC heap before
{Heap before GC invocations=43 (full 0):
 garbage-first heap   total 718848K, used 650790K [0x0000000701000000, 0x0000000800000000)
  region size 2048K, 183 young (374784K), 13 survivors (26624K)
 Metaspace       used 120941K, committed 122304K, reserved 1179648K
  class space    used 18935K, committed 19520K, reserved 1048576K
}
Event: 50.627 GC heap after
{Heap after GC invocations=44 (full 0):
 garbage-first heap   total 718848K, used 316906K [0x0000000701000000, 0x0000000800000000)
  region size 2048K, 13 young (26624K), 13 survivors (26624K)
 Metaspace       used 120941K, committed 122304K, reserved 1179648K
  class space    used 18935K, committed 19520K, reserved 1048576K
}
Event: 52.386 GC heap before
{Heap before GC invocations=45 (full 0):
 garbage-first heap   total 718848K, used 660970K [0x0000000701000000, 0x0000000800000000)
  region size 2048K, 176 young (360448K), 13 survivors (26624K)
 Metaspace       used 132700K, committed 134272K, reserved 1179648K
  class space    used 20663K, committed 21376K, reserved 1048576K
}
Event: 52.406 GC heap after
{Heap after GC invocations=46 (full 0):
 garbage-first heap   total 718848K, used 355309K [0x0000000701000000, 0x0000000800000000)
  region size 2048K, 22 young (45056K), 22 survivors (45056K)
 Metaspace       used 132700K, committed 134272K, reserved 1179648K
  class space    used 20663K, committed 21376K, reserved 1048576K
}
Event: 53.272 GC heap before
{Heap before GC invocations=46 (full 0):
 garbage-first heap   total 718848K, used 631789K [0x0000000701000000, 0x0000000800000000)
  region size 2048K, 158 young (323584K), 22 survivors (45056K)
 Metaspace       used 135104K, committed 136704K, reserved 1179648K
  class space    used 20918K, committed 21632K, reserved 1048576K
}
Event: 53.296 GC heap after
{Heap after GC invocations=47 (full 0):
 garbage-first heap   total 718848K, used 374660K [0x0000000701000000, 0x0000000800000000)
  region size 2048K, 15 young (30720K), 15 survivors (30720K)
 Metaspace       used 135104K, committed 136704K, reserved 1179648K
  class space    used 20918K, committed 21632K, reserved 1048576K
}

Dll operation events (16 events):
Event: 0.004 Loaded shared library C:\Program Files\Pylo\MCreator\jdk\bin\java.dll
Event: 0.027 Loaded shared library C:\Program Files\Pylo\MCreator\jdk\bin\jsvml.dll
Event: 0.094 Loaded shared library C:\Program Files\Pylo\MCreator\jdk\bin\net.dll
Event: 0.095 Loaded shared library C:\Program Files\Pylo\MCreator\jdk\bin\nio.dll
Event: 0.098 Loaded shared library C:\Program Files\Pylo\MCreator\jdk\bin\zip.dll
Event: 0.142 Loaded shared library C:\Program Files\Pylo\MCreator\jdk\bin\jimage.dll
Event: 0.277 Loaded shared library C:\Program Files\Pylo\MCreator\jdk\bin\management.dll
Event: 0.300 Loaded shared library C:\Program Files\Pylo\MCreator\jdk\bin\management_ext.dll
Event: 0.586 Loaded shared library C:\Program Files\Pylo\MCreator\jdk\bin\extnet.dll
Event: 0.719 Loaded shared library C:\Program Files\Pylo\MCreator\jdk\bin\verify.dll
Event: 2.789 Loaded shared library C:\Users\Usuario\AppData\Local\Temp\lwjgl_Usuario\3.3.3+5\x64\lwjgl.dll
Event: 3.295 Loaded shared library C:\Users\Usuario\AppData\Local\Temp\lwjgl_Usuario\3.3.3+5\x64\lwjgl_stb.dll
Event: 3.364 Loaded shared library C:\Users\Usuario\AppData\Local\Temp\lwjgl_Usuario\3.3.3+5\x64\lwjgl_opengl.dll
Event: 6.030 Loaded shared library C:\Users\Usuario\AppData\Local\Temp\jna-1531808526\jna17293640689601558.dll
Event: 11.926 Loaded shared library C:\Program Files\Pylo\MCreator\jdk\bin\sunmscapi.dll
Event: 50.934 Loaded shared library C:\Program Files\Pylo\MCreator\jdk\bin\awt.dll

Deoptimization events (20 events):
Event: 54.150 Thread 0x0000029304139dd0 Uncommon trap: trap_request=0xffffff6e fr.pc=0x00000293207aab08 relative=0x0000000000000488
Event: 54.150 Thread 0x0000029304139dd0 Uncommon trap: reason=loop_limit_check action=maybe_recompile pc=0x00000293207aab08 method=it.unimi.dsi.fastutil.ints.Int2ObjectArrayMap.get(I)Ljava/lang/Object; @ 14 c2
Event: 54.150 Thread 0x0000029304139dd0 DEOPT PACKING pc=0x00000293207aab08 sp=0x000000dbac1fe850
Event: 54.150 Thread 0x0000029304139dd0 DEOPT UNPACKING pc=0x000002931f2946a2 sp=0x000000dbac1fe778 mode 2
Event: 54.153 Thread 0x000002930413b180 DEOPT PACKING pc=0x0000029319bea5e6 sp=0x000000dba96fee20
Event: 54.153 Thread 0x000002930413b180 DEOPT UNPACKING pc=0x000002931f294e42 sp=0x000000dba96fe390 mode 0
Event: 54.154 Thread 0x000002930413b180 DEOPT PACKING pc=0x0000029319e0c598 sp=0x000000dba96fee40
Event: 54.154 Thread 0x000002930413b180 DEOPT UNPACKING pc=0x000002931f294e42 sp=0x000000dba96fe360 mode 0
Event: 54.160 Thread 0x000002930413b180 Uncommon trap: trap_request=0xffffff45 fr.pc=0x000002932076bc9c relative=0x000000000000299c
Event: 54.160 Thread 0x000002930413b180 Uncommon trap: reason=unstable_if action=reinterpret pc=0x000002932076bc9c method=net.minecraft.world.entity.Entity.updateFluidHeightAndDoFluidPushing()V @ 197 c2
Event: 54.160 Thread 0x000002930413b180 DEOPT PACKING pc=0x000002932076bc9c sp=0x000000dba96fe490
Event: 54.160 Thread 0x000002930413b180 DEOPT UNPACKING pc=0x000002931f2946a2 sp=0x000000dba96fe458 mode 2
Event: 54.227 Thread 0x000002930413b180 Uncommon trap: trap_request=0xffffff45 fr.pc=0x000002932073d9fc relative=0x000000000000011c
Event: 54.227 Thread 0x000002930413b180 Uncommon trap: reason=unstable_if action=reinterpret pc=0x000002932073d9fc method=net.minecraft.world.entity.Entity.isRemoved()Z @ 4 c2
Event: 54.227 Thread 0x000002930413b180 DEOPT PACKING pc=0x000002932073d9fc sp=0x000000dba96feac0
Event: 54.227 Thread 0x000002930413b180 DEOPT UNPACKING pc=0x000002931f2946a2 sp=0x000000dba96fea00 mode 2
Event: 54.262 Thread 0x000002930413b180 Uncommon trap: trap_request=0xffffff45 fr.pc=0x000002932078cbc4 relative=0x0000000000000664
Event: 54.262 Thread 0x000002930413b180 Uncommon trap: reason=unstable_if action=reinterpret pc=0x000002932078cbc4 method=net.minecraft.world.entity.Entity.updateInWaterStateAndDoWaterCurrentPushing()V @ 54 c2
Event: 54.262 Thread 0x000002930413b180 DEOPT PACKING pc=0x000002932078cbc4 sp=0x000000dba96fe340
Event: 54.262 Thread 0x000002930413b180 DEOPT UNPACKING pc=0x000002931f2946a2 sp=0x000000dba96fe308 mode 2

Classes loaded (20 events):
Event: 52.036 Loading class java/util/concurrent/PriorityBlockingQueue
Event: 52.038 Loading class java/util/concurrent/PriorityBlockingQueue done
Event: 52.090 Loading class java/util/stream/LongPipeline$9
Event: 52.091 Loading class java/util/stream/LongPipeline$StatelessOp
Event: 52.091 Loading class java/util/stream/LongPipeline$StatelessOp done
Event: 52.091 Loading class java/util/stream/LongPipeline$9 done
Event: 52.091 Loading class java/util/stream/Nodes$LongSpinedNodeBuilder
Event: 52.091 Loading class java/util/stream/SpinedBuffer$OfLong
Event: 52.092 Loading class java/util/stream/SpinedBuffer$OfLong done
Event: 52.092 Loading class java/util/stream/Nodes$LongSpinedNodeBuilder done
Event: 52.094 Loading class java/util/stream/LongPipeline$9$1
Event: 52.094 Loading class java/util/stream/LongPipeline$9$1 done
Event: 52.197 Loading class java/util/Spliterators$LongIteratorSpliterator
Event: 52.198 Loading class java/util/Spliterators$LongIteratorSpliterator done
Event: 52.480 Loading class java/text/DigitList$1
Event: 52.481 Loading class java/text/DigitList$1 done
Event: 52.499 Loading class java/util/concurrent/ForkJoinTask$AdaptedRunnableAction
Event: 52.500 Loading class java/util/concurrent/ForkJoinTask$AdaptedRunnableAction done
Event: 52.668 Loading class java/util/concurrent/LinkedBlockingDeque$Node
Event: 52.669 Loading class java/util/concurrent/LinkedBlockingDeque$Node done

Classes unloaded (0 events):
No events

Classes redefined (0 events):
No events

Internal exceptions (20 events):
Event: 53.871 Thread 0x00000293889b5a70 Exception <a 'sun/nio/fs/WindowsException'{0x00000007265ba4b0}> (0x00000007265ba4b0) 
thrown [s\src\hotspot\share\prims\jni.cpp, line 520]
Event: 53.875 Thread 0x00000293889b81d0 Exception <a 'sun/nio/fs/WindowsException'{0x000000072645eee8}> (0x000000072645eee8) 
thrown [s\src\hotspot\share\prims\jni.cpp, line 520]
Event: 53.881 Thread 0x00000293889b5a70 Exception <a 'sun/nio/fs/WindowsException'{0x00000007265bfba0}> (0x00000007265bfba0) 
thrown [s\src\hotspot\share\prims\jni.cpp, line 520]
Event: 53.886 Thread 0x00000293889b81d0 Exception <a 'sun/nio/fs/WindowsException'{0x00000007255f8410}> (0x00000007255f8410) 
thrown [s\src\hotspot\share\prims\jni.cpp, line 520]
Event: 53.891 Thread 0x00000293889b5a70 Exception <a 'sun/nio/fs/WindowsException'{0x00000007265c5248}> (0x00000007265c5248) 
thrown [s\src\hotspot\share\prims\jni.cpp, line 520]
Event: 53.896 Thread 0x00000293889b81d0 Exception <a 'sun/nio/fs/WindowsException'{0x00000007255fdd78}> (0x00000007255fdd78) 
thrown [s\src\hotspot\share\prims\jni.cpp, line 520]
Event: 53.900 Thread 0x00000293889b5a70 Exception <a 'sun/nio/fs/WindowsException'{0x00000007265caa78}> (0x00000007265caa78) 
thrown [s\src\hotspot\share\prims\jni.cpp, line 520]
Event: 53.904 Thread 0x00000293889b81d0 Exception <a 'sun/nio/fs/WindowsException'{0x00000007255ff3f8}> (0x00000007255ff3f8) 
thrown [s\src\hotspot\share\prims\jni.cpp, line 520]
Event: 53.908 Thread 0x00000293889b5a70 Exception <a 'sun/nio/fs/WindowsException'{0x00000007265cff68}> (0x00000007265cff68) 
thrown [s\src\hotspot\share\prims\jni.cpp, line 520]
Event: 53.912 Thread 0x00000293889b81d0 Exception <a 'sun/nio/fs/WindowsException'{0x00000007253092e0}> (0x00000007253092e0) 
thrown [s\src\hotspot\share\prims\jni.cpp, line 520]
Event: 53.917 Thread 0x00000293889b5a70 Exception <a 'sun/nio/fs/WindowsException'{0x00000007265d5608}> (0x00000007265d5608) 
thrown [s\src\hotspot\share\prims\jni.cpp, line 520]
Event: 53.921 Thread 0x00000293889b81d0 Exception <a 'sun/nio/fs/WindowsException'{0x000000072530e9d8}> (0x000000072530e9d8) 
thrown [s\src\hotspot\share\prims\jni.cpp, line 520]
Event: 53.925 Thread 0x00000293889b5a70 Exception <a 'sun/nio/fs/WindowsException'{0x00000007265db008}> (0x00000007265db008) 
thrown [s\src\hotspot\share\prims\jni.cpp, line 520]
Event: 53.930 Thread 0x00000293889b81d0 Exception <a 'sun/nio/fs/WindowsException'{0x0000000725318560}> (0x0000000725318560) 
thrown [s\src\hotspot\share\prims\jni.cpp, line 520]
Event: 53.935 Thread 0x00000293889b5a70 Exception <a 'sun/nio/fs/WindowsException'{0x00000007265e1068}> (0x00000007265e1068) 
thrown [s\src\hotspot\share\prims\jni.cpp, line 520]
Event: 53.940 Thread 0x00000293889b81d0 Exception <a 'sun/nio/fs/WindowsException'{0x0000000725321e68}> (0x0000000725321e68) 
thrown [s\src\hotspot\share\prims\jni.cpp, line 520]
Event: 53.948 Thread 0x00000293889b5a70 Exception <a 'sun/nio/fs/WindowsException'{0x0000000725344390}> (0x0000000725344390) 
thrown [s\src\hotspot\share\prims\jni.cpp, line 520]
Event: 54.146 Thread 0x00000293889b81d0 Exception <a 'sun/nio/fs/WindowsException'{0x000000072532bbc0}> (0x000000072532bbc0) 
thrown [s\src\hotspot\share\prims\jni.cpp, line 520]
Event: 54.184 Thread 0x00000293889b5a70 Exception <a 'sun/nio/fs/WindowsException'{0x000000072534dc28}> (0x000000072534dc28) 
thrown [s\src\hotspot\share\prims\jni.cpp, line 520]
Event: 54.192 Thread 0x00000293889b81d0 Exception <a 'sun/nio/fs/WindowsException'{0x0000000725335720}> (0x0000000725335720) 
thrown [s\src\hotspot\share\prims\jni.cpp, line 520]

ZGC Phase Switch (0 events):
No events

VM Operations (20 events):
Event: 52.917 Executing VM operation: ICBufferFull
Event: 52.918 Executing VM operation: ICBufferFull done
Event: 53.090 Executing VM operation: ICBufferFull
Event: 53.090 Executing VM operation: ICBufferFull done
Event: 53.241 Executing VM operation: ICBufferFull
Event: 53.241 Executing VM operation: ICBufferFull done
Event: 53.272 Executing VM operation: G1CollectForAllocation (G1 Evacuation Pause)
Event: 53.296 Executing VM operation: G1CollectForAllocation (G1 Evacuation Pause) done
Event: 53.380 Executing VM operation: ICBufferFull
Event: 53.385 Executing VM operation: ICBufferFull done
Event: 53.508 Executing VM operation: ICBufferFull
Event: 53.512 Executing VM operation: ICBufferFull done
Event: 53.665 Executing VM operation: ICBufferFull
Event: 53.665 Executing VM operation: ICBufferFull done
Event: 53.966 Executing VM operation: ICBufferFull
Event: 53.966 Executing VM operation: ICBufferFull done
Event: 54.214 Executing VM operation: ICBufferFull
Event: 54.214 Executing VM operation: ICBufferFull done
Event: 54.225 Executing VM operation: HandshakeAllThreads (Deoptimize)
Event: 54.226 Executing VM operation: HandshakeAllThreads (Deoptimize) done

Memory protections (0 events):
No events

Nmethod flushes (20 events):
Event: 51.165 Thread 0x000002932edc3b40 flushing  nmethod 0x0000029318b41810
Event: 51.165 Thread 0x000002932edc3b40 flushing  nmethod 0x0000029318b43d90
Event: 51.165 Thread 0x000002932edc3b40 flushing  nmethod 0x0000029318b44210
Event: 51.165 Thread 0x000002932edc3b40 flushing osr nmethod 0x0000029318b44990
Event: 51.165 Thread 0x000002932edc3b40 flushing  nmethod 0x0000029318b93590
Event: 51.165 Thread 0x000002932edc3b40 flushing  nmethod 0x0000029318bc0f10
Event: 51.165 Thread 0x000002932edc3b40 flushing  nmethod 0x0000029318bf8410
Event: 51.165 Thread 0x000002932edc3b40 flushing  nmethod 0x0000029318bf9090
Event: 51.165 Thread 0x000002932edc3b40 flushing  nmethod 0x0000029318bf9710
Event: 51.165 Thread 0x000002932edc3b40 flushing  nmethod 0x0000029318c29010
Event: 51.165 Thread 0x000002932edc3b40 flushing  nmethod 0x0000029318c29d10
Event: 51.165 Thread 0x000002932edc3b40 flushing  nmethod 0x0000029318c30910
Event: 51.165 Thread 0x000002932edc3b40 flushing  nmethod 0x0000029318cb3c90
Event: 51.165 Thread 0x000002932edc3b40 flushing  nmethod 0x0000029318cb4010
Event: 51.165 Thread 0x000002932edc3b40 flushing  nmethod 0x0000029318cced90
Event: 51.165 Thread 0x000002932edc3b40 flushing  nmethod 0x0000029318ccf610
Event: 51.165 Thread 0x000002932edc3b40 flushing  nmethod 0x0000029318cd0190
Event: 51.165 Thread 0x000002932edc3b40 flushing  nmethod 0x0000029318d06690
Event: 51.165 Thread 0x000002932edc3b40 flushing  nmethod 0x0000029318d51010
Event: 51.165 Thread 0x000002932edc3b40 flushing  nmethod 0x0000029318dc1c10

Events (20 events):
Event: 46.874 Thread 0x000002932edf6db0 Thread added: 0x0000029377da5410
Event: 48.017 Thread 0x0000029377da5410 Thread exited: 0x0000029377da5410
Event: 48.181 Thread 0x000002932edf6db0 Thread added: 0x0000029375537a50
Event: 48.225 Thread 0x000002930413b180 Thread exited: 0x000002930413b180
Event: 48.226 Thread 0x000002930de2eb60 Thread added: 0x0000029375576430
Event: 48.392 Thread 0x0000029375537a50 Thread exited: 0x0000029375537a50
Event: 48.523 Thread 0x000002930de2eb60 Thread added: 0x000002930413b180
Event: 48.547 Thread 0x000002932edf6310 Thread added: 0x0000029375537a50
Event: 49.388 Thread 0x0000029375537a50 Thread exited: 0x0000029375537a50
Event: 50.501 Thread 0x000002932edf6db0 Thread added: 0x0000029377da5410
Event: 50.548 Thread 0x000002930413c530 Thread added: 0x00000293889b81d0
Event: 50.577 Thread 0x00000293889b81d0 Thread added: 0x00000293889b5a70
Event: 50.663 Thread 0x00000293889b5a70 Thread added: 0x00000293889b8ef0
Event: 50.971 Thread 0x000002930413b180 Thread added: 0x00000293889b46c0
Event: 51.267 Thread 0x000002930de2eb60 Thread added: 0x00000293761120f0
Event: 51.309 Thread 0x000002930de2eb60 Thread added: 0x0000029376114ee0
Event: 51.338 Thread 0x00000293761120f0 Thread added: 0x0000029376112e10
Event: 52.000 Thread 0x0000029375576430 Thread exited: 0x0000029375576430
Event: 52.000 Thread 0x000002930de2eb60 Thread added: 0x0000029376113b30
Event: 53.102 Thread 0x0000029388810420 Thread added: 0x0000029388810420


Dynamic libraries:
0x00007ff7824b0000 - 0x00007ff7824be000 	C:\Program Files\Pylo\MCreator\jdk\bin\java.exe
0x00007ff9a3ab0000 - 0x00007ff9a3ca8000 	C:\WINDOWS\SYSTEM32\ntdll.dll
0x00007ff9a3990000 - 0x00007ff9a3a52000 	C:\WINDOWS\System32\KERNEL32.DLL
0x00007ff9a16f0000 - 0x00007ff9a19ef000 	C:\WINDOWS\System32\KERNELBASE.dll
0x00007ff9a11a0000 - 0x00007ff9a12a0000 	C:\WINDOWS\System32\ucrtbase.dll
0x00007ff993150000 - 0x00007ff993168000 	C:\Program Files\Pylo\MCreator\jdk\bin\jli.dll
0x00007ff99e510000 - 0x00007ff99e52b000 	C:\Program Files\Pylo\MCreator\jdk\bin\VCRUNTIME140.dll
0x00007ff9a2220000 - 0x00007ff9a23bd000 	C:\WINDOWS\System32\USER32.dll
0x00007ff9a16c0000 - 0x00007ff9a16e2000 	C:\WINDOWS\System32\win32u.dll
0x00007ff98eb10000 - 0x00007ff98edaa000 	C:\WINDOWS\WinSxS\amd64_microsoft.windows.common-controls_6595b64144ccf1df_6.0.19041.4355_none_60b8b9eb71f62e16\COMCTL32.dll
0x00007ff9a3780000 - 0x00007ff9a37ab000 	C:\WINDOWS\System32\GDI32.dll
0x00007ff9a24a0000 - 0x00007ff9a253e000 	C:\WINDOWS\System32\msvcrt.dll
0x00007ff9a15a0000 - 0x00007ff9a16ba000 	C:\WINDOWS\System32\gdi32full.dll
0x00007ff9a1400000 - 0x00007ff9a149d000 	C:\WINDOWS\System32\msvcp_win.dll
0x00007ff9a3570000 - 0x00007ff9a359f000 	C:\WINDOWS\System32\IMM32.DLL
0x00007ff99e5a0000 - 0x00007ff99e5ac000 	C:\Program Files\Pylo\MCreator\jdk\bin\vcruntime140_1.dll
0x00007ff976320000 - 0x00007ff9763ae000 	C:\Program Files\Pylo\MCreator\jdk\bin\msvcp140.dll
0x00007ff92ea80000 - 0x00007ff92f808000 	C:\Program Files\Pylo\MCreator\jdk\bin\server\jvm.dll
0x00007ff9a38e0000 - 0x00007ff9a398f000 	C:\WINDOWS\System32\ADVAPI32.dll
0x00007ff9a2180000 - 0x00007ff9a221f000 	C:\WINDOWS\System32\sechost.dll
0x00007ff9a2c40000 - 0x00007ff9a2d63000 	C:\WINDOWS\System32\RPCRT4.dll
0x00007ff9a1aa0000 - 0x00007ff9a1ac7000 	C:\WINDOWS\System32\bcrypt.dll
0x00007ff9a2d80000 - 0x00007ff9a2deb000 	C:\WINDOWS\System32\WS2_32.dll
0x00007ff9a0fb0000 - 0x00007ff9a0ffb000 	C:\WINDOWS\SYSTEM32\POWRPROF.dll
0x00007ff999420000 - 0x00007ff999447000 	C:\WINDOWS\SYSTEM32\WINMM.dll
0x00007ff99ba20000 - 0x00007ff99ba2a000 	C:\WINDOWS\SYSTEM32\VERSION.dll
0x00007ff9a0f90000 - 0x00007ff9a0fa2000 	C:\WINDOWS\SYSTEM32\UMPDC.dll
0x00007ff99eff0000 - 0x00007ff99f002000 	C:\WINDOWS\SYSTEM32\kernel.appcore.dll
0x00007ff99e3f0000 - 0x00007ff99e3fa000 	C:\Program Files\Pylo\MCreator\jdk\bin\jimage.dll
0x00007ff998b40000 - 0x00007ff998d24000 	C:\WINDOWS\SYSTEM32\DBGHELP.DLL
0x00007ff97c7e0000 - 0x00007ff97c814000 	C:\WINDOWS\SYSTEM32\dbgcore.DLL
0x00007ff9a14a0000 - 0x00007ff9a1522000 	C:\WINDOWS\System32\bcryptPrimitives.dll
0x00007ff992eb0000 - 0x00007ff992ecf000 	C:\Program Files\Pylo\MCreator\jdk\bin\java.dll
0x00007ff9a2e00000 - 0x00007ff9a356d000 	C:\WINDOWS\System32\SHELL32.dll
0x00007ff99f1f0000 - 0x00007ff99f994000 	C:\WINDOWS\SYSTEM32\windows.storage.dll
0x00007ff9a1e20000 - 0x00007ff9a2175000 	C:\WINDOWS\System32\combase.dll
0x00007ff9a0ab0000 - 0x00007ff9a0adf000 	C:\WINDOWS\SYSTEM32\Wldp.dll
0x00007ff9a36b0000 - 0x00007ff9a377d000 	C:\WINDOWS\System32\OLEAUT32.dll
0x00007ff9a35a0000 - 0x00007ff9a364d000 	C:\WINDOWS\System32\SHCORE.dll
0x00007ff9a1ad0000 - 0x00007ff9a1b25000 	C:\WINDOWS\System32\shlwapi.dll
0x00007ff9a1080000 - 0x00007ff9a10a4000 	C:\WINDOWS\SYSTEM32\profapi.dll
0x00007ff96b990000 - 0x00007ff96ba67000 	C:\Program Files\Pylo\MCreator\jdk\bin\jsvml.dll
0x00007ff99c1a0000 - 0x00007ff99c1b0000 	C:\Program Files\Pylo\MCreator\jdk\bin\net.dll
0x00007ff99b3f0000 - 0x00007ff99b4fa000 	C:\WINDOWS\SYSTEM32\WINHTTP.dll
0x00007ff9a0810000 - 0x00007ff9a087c000 	C:\WINDOWS\system32\mswsock.dll
0x00007ff98f7c0000 - 0x00007ff98f7d6000 	C:\Program Files\Pylo\MCreator\jdk\bin\nio.dll
0x00007ff98f560000 - 0x00007ff98f578000 	C:\Program Files\Pylo\MCreator\jdk\bin\zip.dll
0x00007ff993040000 - 0x00007ff99304a000 	C:\Program Files\Pylo\MCreator\jdk\bin\management.dll
0x00007ff992fd0000 - 0x00007ff992fdb000 	C:\Program Files\Pylo\MCreator\jdk\bin\management_ext.dll
0x00007ff9a3a60000 - 0x00007ff9a3a68000 	C:\WINDOWS\System32\PSAPI.DLL
0x00007ff977ae0000 - 0x00007ff977af7000 	C:\WINDOWS\system32\napinsp.dll
0x00007ff977ac0000 - 0x00007ff977adb000 	C:\WINDOWS\system32\pnrpnsp.dll
0x00007ff97ae70000 - 0x00007ff97ae85000 	C:\WINDOWS\system32\wshbth.dll
0x00007ff99e230000 - 0x00007ff99e24d000 	C:\WINDOWS\system32\NLAapi.dll
0x00007ff9a04f0000 - 0x00007ff9a052b000 	C:\WINDOWS\SYSTEM32\IPHLPAPI.DLL
0x00007ff9a0530000 - 0x00007ff9a05fa000 	C:\WINDOWS\SYSTEM32\DNSAPI.dll
0x00007ff9a2df0000 - 0x00007ff9a2df8000 	C:\WINDOWS\System32\NSI.dll
0x00007ff977aa0000 - 0x00007ff977ab2000 	C:\WINDOWS\System32\winrnr.dll
0x00007ff992860000 - 0x00007ff99286a000 	C:\Windows\System32\rasadhlp.dll
0x00007ff9926c0000 - 0x00007ff992740000 	C:\WINDOWS\System32\fwpuclnt.dll
0x00007ff9a0a00000 - 0x00007ff9a0a18000 	C:\WINDOWS\SYSTEM32\CRYPTSP.dll
0x00007ff9a0130000 - 0x00007ff9a0164000 	C:\WINDOWS\system32\rsaenh.dll
0x00007ff9a1000000 - 0x00007ff9a102e000 	C:\WINDOWS\SYSTEM32\USERENV.dll
0x00007ff9a0a20000 - 0x00007ff9a0a2c000 	C:\WINDOWS\SYSTEM32\CRYPTBASE.dll
0x00007ff98f4a0000 - 0x00007ff98f4a9000 	C:\Program Files\Pylo\MCreator\jdk\bin\extnet.dll
0x00007ff98fdf0000 - 0x00007ff98fe00000 	C:\Program Files\Pylo\MCreator\jdk\bin\verify.dll
0x00007ff984800000 - 0x00007ff984851000 	C:\WINDOWS\SYSTEM32\pdh.dll
0x00007ff97d180000 - 0x00007ff97d1fb000 	C:\Users\Usuario\AppData\Local\Temp\lwjgl_Usuario\3.3.3+5\x64\lwjgl.dll
0x00007ff9721f0000 - 0x00007ff972272000 	C:\Users\Usuario\AppData\Local\Temp\lwjgl_Usuario\3.3.3+5\x64\glfw.dll
0x00007ff97a380000 - 0x00007ff97a3c5000 	C:\WINDOWS\SYSTEM32\dinput8.dll
0x00007ff98f400000 - 0x00007ff98f411000 	C:\WINDOWS\SYSTEM32\xinput1_4.dll
0x00007ff9a1150000 - 0x00007ff9a119e000 	C:\WINDOWS\System32\cfgmgr32.dll
0x00007ff9a0e10000 - 0x00007ff9a0e43000 	C:\WINDOWS\SYSTEM32\DEVOBJ.dll
0x00007ff99eee0000 - 0x00007ff99ef0f000 	C:\WINDOWS\SYSTEM32\dwmapi.dll
0x00007ff9929f0000 - 0x00007ff992b42000 	C:\WINDOWS\SYSTEM32\inputhost.dll
0x00007ff99e130000 - 0x00007ff99e222000 	C:\WINDOWS\SYSTEM32\CoreMessaging.dll
0x00007ff99c430000 - 0x00007ff99c526000 	C:\WINDOWS\SYSTEM32\PROPSYS.dll
0x00007ff99d4f0000 - 0x00007ff99d647000 	C:\WINDOWS\SYSTEM32\wintypes.dll
0x00007ff99ddd0000 - 0x00007ff99e12b000 	C:\WINDOWS\SYSTEM32\CoreUIComponents.dll
0x00007ff9a0380000 - 0x00007ff9a03b3000 	C:\WINDOWS\SYSTEM32\ntmarta.dll
0x00007ff99eb00000 - 0x00007ff99eb9e000 	C:\WINDOWS\system32\uxtheme.dll
0x00007ff9a1d00000 - 0x00007ff9a1e15000 	C:\WINDOWS\System32\MSCTF.dll
0x00007ff965c20000 - 0x00007ff965d48000 	C:\WINDOWS\SYSTEM32\opengl32.dll
0x00007ff97eae0000 - 0x00007ff97eb0c000 	C:\WINDOWS\SYSTEM32\GLU32.dll
0x00007ff9a2b90000 - 0x00007ff9a2c39000 	C:\WINDOWS\System32\clbcatq.dll
0x00007ff94a6a0000 - 0x00007ff94ccd8000 	C:\WINDOWS\System32\DriverStore\FileRepository\nv_dispi.inf_amd64_9425e4c3b1ac1c47\nvoglv64.dll
0x00007ff9a25a0000 - 0x00007ff9a2a11000 	C:\WINDOWS\System32\SETUPAPI.dll
0x00007ff9a37b0000 - 0x00007ff9a38db000 	C:\WINDOWS\System32\ole32.dll
0x00007ff99ce20000 - 0x00007ff99ce34000 	C:\WINDOWS\SYSTEM32\WTSAPI32.dll
0x00007ff9a0c40000 - 0x00007ff9a0c52000 	C:\WINDOWS\SYSTEM32\msasn1.dll
0x00007ff99b9e0000 - 0x00007ff99ba11000 	C:\WINDOWS\SYSTEM32\cryptnet.dll
0x00007ff9a12a0000 - 0x00007ff9a13fc000 	C:\WINDOWS\System32\CRYPT32.dll
0x00007ff99b890000 - 0x00007ff99b9d7000 	C:\WINDOWS\SYSTEM32\drvstore.dll
0x00007ff9a1530000 - 0x00007ff9a1599000 	C:\WINDOWS\System32\WINTRUST.dll
0x00007ff9a1b30000 - 0x00007ff9a1b4d000 	C:\WINDOWS\System32\imagehlp.dll
0x00007ff994470000 - 0x00007ff997180000 	C:\WINDOWS\System32\DriverStore\FileRepository\nv_dispi.inf_amd64_9425e4c3b1ac1c47\nvgpucomp64.dll
0x00007ff998a50000 - 0x00007ff998a8b000 	C:\WINDOWS\SYSTEM32\dxcore.dll
0x00007ff9546b0000 - 0x00007ff954980000 	C:\WINDOWS\system32\nvspcap64.dll
0x00007ff9a0f30000 - 0x00007ff9a0f8b000 	C:\WINDOWS\SYSTEM32\WINSTA.dll
0x00007ff9410a0000 - 0x00007ff941310000 	C:\Users\Usuario\AppData\Local\Temp\lwjgl_Usuario\3.3.3+5\x64\jemalloc.dll
0x00007ff964e60000 - 0x00007ff964ee2000 	C:\Users\Usuario\AppData\Local\Temp\lwjgl_Usuario\3.3.3+5\x64\lwjgl_stb.dll
0x00007ff992b50000 - 0x00007ff992c49000 	C:\WINDOWS\SYSTEM32\textinputframework.dll
0x00007ff96b240000 - 0x00007ff96b29e000 	C:\Users\Usuario\AppData\Local\Temp\lwjgl_Usuario\3.3.3+5\x64\lwjgl_opengl.dll
0x00007ff992fe0000 - 0x00007ff992fef000 	C:\WINDOWS\System32\perfproc.dll
0x00007ff981c00000 - 0x00007ff981c0f000 	C:\WINDOWS\System32\perfos.dll
0x00007ff96b940000 - 0x00007ff96b985000 	C:\Users\Usuario\AppData\Local\Temp\jna-1531808526\jna17293640689601558.dll
0x00007ff987f10000 - 0x00007ff987f2f000 	C:\WINDOWS\SYSTEM32\amsi.dll
0x00007ff987e80000 - 0x00007ff987f01000 	C:\ProgramData\Microsoft\Windows Defender\Platform\4.18.25010.6-0\MpOav.dll
0x00007ff99a0c0000 - 0x00007ff99a16e000 	C:\WINDOWS\SYSTEM32\mscms.dll
0x00007ff99a0a0000 - 0x00007ff99a0b1000 	C:\WINDOWS\SYSTEM32\ColorAdapterClient.dll
0x00007ff97a3d0000 - 0x00007ff97a415000 	C:\WINDOWS\SYSTEM32\icm32.dll
0x00007ff98f710000 - 0x00007ff98f71e000 	C:\Program Files\Pylo\MCreator\jdk\bin\sunmscapi.dll
0x00007ff9a0b20000 - 0x00007ff9a0b47000 	C:\WINDOWS\SYSTEM32\ncrypt.dll
0x00007ff9a0ae0000 - 0x00007ff9a0b1b000 	C:\WINDOWS\SYSTEM32\NTASN1.dll
0x00007ff9554d0000 - 0x00007ff955697000 	C:\Users\Usuario\AppData\Local\Temp\lwjgl_Usuario\3.3.3+5\x64\OpenAL.dll
0x00007ff99ae00000 - 0x00007ff99ae89000 	C:\WINDOWS\System32\MMDevApi.dll
0x00007ff9510c0000 - 0x00007ff95124e000 	C:\WINDOWS\System32\Speech\Common\sapi.dll
0x00007ff992fa0000 - 0x00007ff992fab000 	C:\WINDOWS\SYSTEM32\msdmo.dll
0x00007ff950ec0000 - 0x00007ff950ede000 	C:\WINDOWS\SYSTEM32\MSACM32.dll
0x00007ff986f10000 - 0x00007ff986f36000 	C:\WINDOWS\SYSTEM32\winmmbase.dll
0x00007ff98f470000 - 0x00007ff98f477000 	C:\WINDOWS\system32\wshunix.dll
0x00007ff9844a0000 - 0x00007ff984621000 	C:\WINDOWS\SYSTEM32\AUDIOSES.DLL
0x00007ff99ebd0000 - 0x00007ff99ebe4000 	C:\WINDOWS\SYSTEM32\resourcepolicyclient.dll
0x00007ff965d50000 - 0x00007ff965ede000 	C:\Program Files\Pylo\MCreator\jdk\bin\awt.dll
0x00007ff99e620000 - 0x00007ff99e6b4000 	C:\WINDOWS\SYSTEM32\apphelp.dll

dbghelp: loaded successfully - version: 4.0.5 - missing functions: none
symbol engine: initialized successfully - sym options: 0x614 - pdb path: .;C:\Program Files\Pylo\MCreator\jdk\bin;C:\WINDOWS\SYSTEM32;C:\WINDOWS\WinSxS\amd64_microsoft.windows.common-controls_6595b64144ccf1df_6.0.19041.4355_none_60b8b9eb71f62e16;C:\Program Files\Pylo\MCreator\jdk\bin\server;C:\Users\Usuario\AppData\Local\Temp\lwjgl_Usuario\3.3.3+5\x64;C:\WINDOWS\System32\DriverStore\FileRepository\nv_dispi.inf_amd64_9425e4c3b1ac1c47;C:\Users\Usuario\AppData\Local\Temp\jna-1531808526;C:\ProgramData\Microsoft\Windows Defender\Platform\4.18.25010.6-0;C:\WINDOWS\System32\Speech\Common

VM Arguments:
jvm_args: -Dfml.modFolders=testproject%%C:\Users\Usuario\MCreatorWorkspaces\radiant\build\classes\java\main;testproject%%C:\Users\Usuario\MCreatorWorkspaces\radiant\build\resources\main --module-path=C:\\Users\\Usuario\\.mcreator\\gradle\\caches\\modules-2\\files-2.1\\net.neoforged\\DevLaunch\\1.0.1\\48617810523f426d42430867894faa7fe1b933dd\\DevLaunch-1.0.1.jar;C:\\Users\\Usuario\\.mcreator\\gradle\\caches\\modules-2\\files-2.1\\net.neoforged\\JarJarFileSystems\\0.4.1\\78f59f89defcd032ed788b151ca6a0d40ace796a\\JarJarFileSystems-0.4.1.jar;C:\\Users\\Usuario\\.mcreator\\gradle\\caches\\modules-2\\files-2.1\\cpw.mods\\bootstraplauncher\\2.0.2\\1a2d076cbc33b0520cbacd591224427b2a20047d\\bootstraplauncher-2.0.2.jar;C:\\Users\\Usuario\\.mcreator\\gradle\\caches\\modules-2\\files-2.1\\cpw.mods\\securejarhandler\\3.0.8\\c0ef95cecd8699a0449053ac7d9c160748d902cd\\securejarhandler-3.0.8.jar;C:\\Users\\Usuario\\.mcreator\\gradle\\caches\\modules-2\\files-2.1\\org.ow2.asm\\asm-commons\\9.7\\e86dda4696d3c185fcc95d8d311904e7ce38a53f\\asm-commons-9.7.jar;C:\\Users\\Usuario\\.mcreator\\gradle\\caches\\modules-2\\files-2.1\\org.ow2.asm\\asm-util\\9.7\\c0655519f24d92af2202cb681cd7c1569df6ead6\\asm-util-9.7.jar;C:\\Users\\Usuario\\.mcreator\\gradle\\caches\\modules-2\\files-2.1\\org.ow2.asm\\asm-analysis\\9.7\\e4a258b7eb96107106c0599f0061cfc1832fe07a\\asm-analysis-9.7.jar;C:\\Users\\Usuario\\.mcreator\\gradle\\caches\\modules-2\\files-2.1\\org.ow2.asm\\asm-tree\\9.7\\e446a17b175bfb733b87c5c2560ccb4e57d69f1a\\asm-tree-9.7.jar;C:\\Users\\Usuario\\.mcreator\\gradle\\caches\\modules-2\\files-2.1\\org.ow2.asm\\asm\\9.7\\73d7b3086e14beb604ced229c302feff6449723\\asm-9.7.jar --add-modules=ALL-MODULE-PATH --add-opens=java.base/java.util.jar=cpw.mods.securejarhandler --add-opens=java.base/java.lang.invoke=cpw.mods.securejarhandler --add-exports=java.base/sun.security.util=cpw.mods.securejarhandler --add-exports=jdk.naming.dns/com.sun.jndi.dns=java.naming -Dcom.sun.management.jmxremote.port=1099 -Dcom.sun.management.jmxremote.local.only=true -Dcom.sun.management.jmxremote.ssl=false -Dcom.sun.management.jmxremote.authenticate=false -Dlog4j2.configurationFile=C:\\Users\\Usuario\\MCreatorWorkspaces\\radiant\\build\\moddev\\clientLog4j2.xml -Dneoforge.enableGameTest=true -DlegacyClassPath.file=C:\\Users\\Usuario\\MCreatorWorkspaces\\radiant\\build\\moddev\\clientLegacyClasspath.txt -DignoreList=securejarhandler-3.0.8.jar,asm-9.7.jar,asm-commons-9.7.jar,asm-tree-9.7.jar,asm-util-9.7.jar,asm-analysis-9.7.jar,bootstraplauncher-2.0.2.jar,JarJarFileSystems-0.4.1.jar,mixinextras-neoforge-0.4.1.jar,client-extra,neoforge- -Dfml.gameLayerLibraries= -DmergeModules=jna-5.10.0.jar,jna-platform-5.10.0.jar -Djava.net.preferIPv6Addresses=system -Dfml.pluginLayerLibraries= -Dforge.logging.markers=REGISTRIES -Dfile.encoding=UTF-8 -Duser.country=US -Duser.language=en -Duser.variant 
java_command: net.neoforged.devlaunch.Main @C:\\Users\\Usuario\\MCreatorWorkspaces\\radiant\\build\\moddev\\clientRunProgramArgs.txt
java_class_path (initial): C:\Users\Usuario\MCreatorWorkspaces\radiant\build\classes\java\main;C:\Users\Usuario\MCreatorWorkspaces\radiant\build\resources\main;C:\Users\Usuario\MCreatorWorkspaces\radiant\build\moddev\artifacts\neoforge-21.1.65-minecraft.jar;C:\Users\Usuario\MCreatorWorkspaces\radiant\build\moddev\artifacts\neoforge-21.1.65-minecraft-resources-aka-client-extra.jar;C:\Users\Usuario\.mcreator\gradle\caches\modules-2\files-2.1\net.neoforged\DevLaunch\1.0.1\48617810523f426d42430867894faa7fe1b933dd\DevLaunch-1.0.1.jar;C:\Users\Usuario\.mcreator\gradle\caches\modules-2\files-2.1\net.neoforged\neoform\1.21.1-20240808.144430\811e2bd86fa2cda2812e5e8e51d718ea8bd6d3f4\neoform-1.21.1-20240808.144430.zip;C:\Users\Usuario\.mcreator\gradle\caches\modules-2\files-2.1\net.neoforged.fancymodloader\earlydisplay\4.0.24\c1f79ceaefcb4c79dea89e969563718a2d5157f\earlydisplay-4.0.24.jar;C:\Users\Usuario\.mcreator\gradle\caches\modules-2\files-2.1\net.neoforged.fancymodloader\loader\4.0.24\8211b356d57387a287aa3fb1d425fdd34db6d638\loader-4.0.24.jar;C:\Users\Usuario\.mcreator\gradle\caches\modules-2\files-2.1\net.neoforged\coremods\7.0.3\9147e6f638b4272b3bd5fc8f92ad37802512c6c\coremods-7.0.3.jar;C:\Users\Usuario\.mcreator\gradle\caches\modules-2\files-2.1\cpw.mods\modlauncher\11.0.4\6619d4812a3c092310d521ebc4c9503727563df7\modlauncher-11.0.4.jar;C:\Users\Usuario\.mcreator\gradle\caches\modules-2\files-2.1\cpw.mods\bootstraplauncher\2.0.2\1a2d076cbc33b0520cbacd591224427b2a20047d\bootstraplauncher-2.0.2.jar;C:\Users\Usuario\.mcreator\gradle\caches\modules-2\files-2.1\cpw.mods\securejarhandler\3.0.8\c0ef95cecd8699a0449053ac7d9c160748d902cd\securejarhandler-3.0.8.jar;C:\Users\Usuario\.mcreator\gradle\caches\modules-2\files-2.1\net.neoforged.accesstransformers\at-modlauncher\10.0.1\5aba50202aceead086bc09fbc2751c9f05cb4890\at-modlauncher-10.0.1.jar;C:\Users\Usuario\.mcreator\gradle\caches\modules-2\files-2.1\net.neoforged\accesstransformers\10.0.1\fd83b5725f76eae9115e9355fa1c456a6a441400\accesstransformers-10.0.1.jar;C:\Users\Usuario\.mcreator\gradle\caches\modules-2\files-2.1\org.openjdk.nashorn\nashorn-core\15.4\f67f5ffaa5f5130cf6fb9b133da00c7df3b532a5\nashorn-core-15.4.jar;C:\Users\Usuario\.mcreator\gradle\caches\modules-2\files-2.1\org.ow2.asm\asm-commons\9.7\e86dda4696d3c185fcc95d8d311904e7ce38a53f\asm-commons-9.7.jar;C:\Users\Usuario\.mcreator\gradle\caches\modules-2\files-2.1\net.neoforged\mergetool\2.0.3\1275202cbbb248f49345cf6787ce299afd9a02fb\mergetool-2.0.3-api.jar;C:\Users\Usuario\.mcreator\gradle\caches\modules-2\files-2.1\org.ow2.asm\asm-util\9.7\c0655519f24d92af2202cb681cd7c1569df6ead6\asm-util-9.7.jar;C:\Users\Usuario\.mcreator\gradle\caches\modules-2\files-2.1\org.ow2.asm\asm-analysis\9.7\e4a258b7eb96107106c0599f0061cfc1832fe07a\asm-analysis-9.7.jar;C:\Users\Usuario\.mcreator\gradle\caches\modules-2\files-2.1\org.ow2.asm\asm-tree\9.7\e446a17b175bfb733b87c5c2560ccb4e57d69f1a\asm-tree-9.7.jar;C:\Users\Usuario\.mcreator\gradle\caches\modules-2\files-2.1\net.neoforged\bus\8.0.2\163c9ef7c4bcca6d850c34e95261b606af91fe06\bus-8.0.2.jar;C:\Users\Usuario\.mcreator\gradle\caches\modules-2\files-2.1\org.ow2.asm\asm\9.7\73d7b3086e14beb604ced229c302feff6449723\asm-9.7.jar;C:\Users\Usuario\.mcreator\gradle\caches\modules-2\files-2.1\com.electronwill.night-config\toml\3.8.0\861dbcf2757dd6701c98b3949198549ccb5f62ff\toml-3.8.0.jar;C:\Users\Usuario\.mcreator\gradle\caches\modules-2\files-2.1\com.electronwill.night-config\core\3.8.0\2498dd2b3120dd49e963e2feab8fa5d0c5f80e0a\core-3.8.0.jar;C:\Users\Usuario\.mcreator\gradle\caches\modules-2\files-2.1\net.neoforged\JarJarSelector\0.4.1\fb3cc7a58af22ad2880adb98af6d518128c47dae\JarJarSelector-0.4.1.jar;C:\Users\Usuario\.mcreator\gradle\caches\modules-2\files-2.1\net.neoforged\JarJarMetadata\0.4.1\f8da03683dc81694556dc3e177c5e3bb77ae6fcb\JarJarMetadata-0.4.1.jar;C:\Users\Usuario\.mcreator\gradle\caches\modules-2\files-2.1\org.apache.maven\maven-artifact\3.8.5\4433f50c07debefaed0553bd0068f4f48d449313\maven-artifact-3.8.5.jar;C:\Users\Usuario\.mcreator\gradle\caches\modules-2\files-2.1\net.jodah\typetools\0.6.3\a01aaa6ddaea9ec07ec4f209487b7a46a526283a\typetools-0.6.3.jar;C:\Users\Usuario\.mcreator\gradle\caches\modules-2\files-2.1\net.minecrell\terminalconsoleappender\1.3.0\b562e9bb61235c9520e26282cdee71f8f802d1fc\terminalconsoleappender-1.3.0.jar;C:\Users\Usuario\.mcreator\gradle\caches\modules-2\files-2.1\net.fabricmc\sponge-mixin\0.15.2+mixin.0.8.7\2af2f021d8e02a0220dc27a7a72b4666d66d44ca\sponge-mixin-0.15.2+mixin.0.8.7.jar;C:\Users\Usuario\.mcreator\gradle\caches\modules-2\files-2.1\org.apache.commons\commons-lang3\3.14.0\1ed471194b02f2c6cb734a0cd6f6f107c673afae\commons-lang3-3.14.0.jar;C:\Users\Usuario\.mcreator\gradle\caches\modules-2\files-2.1\com.mojang\logging\1.2.7\24cb95ffb0e3433fd6e844c04e68009e504ca1c0\logging-1.2.7.jar;C:\Users\Usuario\.mcreator\gradle\caches\modules-2\files-2.1\org.apache.logging.log4j\log4j-slf4j2-impl\2.22.1\d7e6693c2606cb7e7335047d7bb96dec52db5665\log4j-slf4j2-impl-2.22.1.jar;C:\Users\Usuario\.mcreator\gradle\caches\modules-2\files-2.1\org.apache.logging.log4j\log4j-core\2.22.1\7183a25510a02ad00cc6a95d3b3d2a7d3c5a8dc4\log4j-core-2.22.1.jar;C:\Users\Usuario\.mcreator\gradle\caches\modules-2\files-2.1\org.apache.logging.log4j\log4j-api\2.22.1\bea6fede6328fabafd7e68363161a7ea6605abd1\log4j-api-2.22.1.jar;C:\Users\Usuario\.mcreator\gradle\caches\modules-2\files-2.1\net.neoforged\JarJarFileSystems\0.4.1\78f59f89defcd032ed788b151ca6a0d40ace796a\JarJarFileSystems-0.4.1.jar;C:\Users\Usuario\.mcreator\gradle\caches\modules-2\files-2.1\net.sf.jopt-simple\jopt-simple\5.0.4\4fdac2fbe92dfad86aa6e9301736f6b4342a3f5c\jopt-simple-5.0.4.jar;C:\Users\Usuario\.mcreator\gradle\caches\modules-2\files-2.1\commons-io\commons-io\2.15.1\f11560da189ab563a5c8e351941415430e9304ea\commons-io-2.15.1.jar;C:\Users\Usuario\.mcreator\gradle\caches\modules-2\files-2.1\com.google.guava\guava\32.1.2-jre\5e64ec7e056456bef3a4bc4c6fdaef71e8ab6318\guava-32.1.2-jre.jar;C:\Users\Usuario\.mcreator\gradle\caches\modules-2\files-2.1\com.google.code.gson\gson\2.10.1\b3add478d4382b78ea20b1671390a858002feb6c\gson-2.10.1.jar;C:\Users\Usuario\.mcreator\gradle\caches\modules-2\files-2.1\org.slf4j\slf4j-api\2.0.9\7cf2726fdcfbc8610f9a71fb3ed639871f315340\slf4j-api-2.0.9.jar;C:\Users\Usuario\.mcreator\gradle\caches\modules-2\files-2.1\org.antlr\antlr4-runtime\4.13.1\17125bae1d965624e265ef49552f6465a2bfa307\antlr4-runtime-4.13.1.jar;C:\Users\Usuario\.mcreator\gradle\caches\modules-2\files-2.1\net.minecraftforge\srgutils\0.4.15\ca408b131759478f164e010fae0d73997e125fb5\srgutils-0.4.15.jar;C:\Users\Usuario\.mcreator\gradle\caches\modules-2\files-2.1\org.codehaus.plexus\plexus-utils\3.3.0\cf43b5391de623b36fe066a21127baef82c64022\plexus-utils-3.3.0.jar;C:\Users\Usuario\.mcreator\gradle\caches\modules-2\files-2.1\org.jline\jline-reader\3.20.0\8f15415b022a25b473e8e16c28ae913186ffb9c4\jline-reader-3.20.0.jar;C:\Users\Usuario\.mcreator\gradle\caches\modules-2\files-2.1\com.machinezoo.noexception\noexception\1.7.1\b65330c98e38a1f915fa54a6e5eca496505e3f0a\noexception-1.7.1.jar;C:\Users\Usuario\.mcreator\gradle\caches\modules-2\files-2.1\com.github.oshi\oshi-core\6.4.10\b1d8ab82d11d92fd639b56d639f8f46f739dd5fa\oshi-core-6.4.10.jar;C:\Users\Usuario\.mcreator\gradle\caches\modules-2\files-2.1\com.google.guava\failureaccess\1.0.1\1dcf1de382a0bf95a3d8b0849546c88bac1292c9\failureaccess-1.0.1.jar;C:\Users\Usuario\.mcreator\gradle\caches\modules-2\files-2.1\com.ibm.icu\icu4j\73.2\61ad4ef7f9131fcf6d25c34b817f90d6da06c9e9\icu4j-73.2.jar;C:\Users\Usuario\.mcreator\gradle\caches\modules-2\files-2.1\com.mojang\authlib\6.0.54\de8bc95660e1b2fe8793fd427a7a10dcec5b3ea7\authlib-6.0.54.jar;C:\Users\Usuario\.mcreator\gradle\caches\modules-2\files-2.1\com.mojang\blocklist\1.0.10\5c685c5ffa94c4cd39496c7184c1d122e515ecef\blocklist-1.0.10.jar;C:\Users\Usuario\.mcreator\gradle\caches\modules-2\files-2.1\com.mojang\brigadier\1.3.10\d15b53a14cf20fdcaa98f731af5dda654452c010\brigadier-1.3.10.jar;C:\Users\Usuario\.mcreator\gradle\caches\modules-2\files-2.1\com.mojang\datafixerupper\8.0.16\67d4de6d7f95d89bcf5862995fb854ebaec02a34\datafixerupper-8.0.16.jar;C:\Users\Usuario\.mcreator\gradle\caches\modules-2\files-2.1\com.mojang\patchy\2.2.10\da05971b07cbb379d002cf7eaec6a2048211fefc\patchy-2.2.10.jar;C:\Users\Usuario\.mcreator\gradle\caches\modules-2\files-2.1\com.mojang\text2speech\1.17.9\3cad216e3a7f0c19b4b394388bc9ffc446f13b14\text2speech-1.17.9.jar;C:\Users\Usuario\.mcreator\gradle\caches\modules-2\files-2.1\commons-codec\commons-codec\1.16.0\4e3eb3d79888d76b54e28b350915b5dc3919c9de\commons-codec-1.16.0.jar;C:\Users\Usuario\.mcreator\gradle\caches\modules-2\files-2.1\commons-logging\commons-logging\1.2\4bfc12adfe4842bf07b657f0369c4cb522955686\commons-logging-1.2.jar;C:\Users\Usuario\.mcreator\gradle\caches\modules-2\files-2.1\io.netty\netty-buffer\4.1.97.Final\f8f3d8644afa5e6e1a40a3a6aeb9d9aa970ecb4f\netty-buffer-4.1.97.Final.jar;C:\Users\Usuario\.mcreator\gradle\caches\modules-2\files-2.1\io.netty\netty-codec\4.1.97.Final\384ba4d75670befbedb45c4d3b497a93639c206d\netty-codec-4.1.97.Final.jar;C:\Users\Usuario\.mcreator\gradle\caches\modules-2\files-2.1\io.netty\netty-common\4.1.97.Final\7cceacaf11df8dc63f23d0fb58e9d4640fc88404\netty-common-4.1.97.Final.jar;C:\Users\Usuario\.mcreator\gradle\caches\modules-2\files-2.1\io.netty\netty-handler\4.1.97.Final\abb86c6906bf512bf2b797a41cd7d2e8d3cd7c36\netty-handler-4.1.97.Final.jar;C:\Users\Usuario\.mcreator\gradle\caches\modules-2\files-2.1\io.netty\netty-resolver\4.1.97.Final\cec8348108dc76c47cf87c669d514be52c922144\netty-resolver-4.1.97.Final.jar;C:\Users\Usuario\.mcreator\gradle\caches\modules-2\files-2.1\io.netty\netty-transport-classes-epoll\4.1.97.Final\795da37ded759e862457a82d9d92c4d39ce8ecee\netty-transport-classes-epoll-4.1.97.Final.jar;C:\Users\Usuario\.mcreator\gradle\caches\modules-2\files-2.1\io.netty\netty-transport-native-unix-common\4.1.97.Final\d469d84265ab70095b01b40886cabdd433b6e664\netty-transport-native-unix-common-4.1.97.Final.jar;C:\Users\Usuario\.mcreator\gradle\caches\modules-2\files-2.1\io.netty\netty-transport\4.1.97.Final\f37380d23c9bb079bc702910833b2fd532c9abd0\netty-transport-4.1.97.Final.jar;C:\Users\Usuario\.mcreator\gradle\caches\modules-2\files-2.1\it.unimi.dsi\fastutil\8.5.12\c24946d46824bd528054bface3231d2ecb7e95e8\fastutil-8.5.12.jar;C:\Users\Usuario\.mcreator\gradle\caches\modules-2\files-2.1\net.java.dev.jna\jna-platform\5.14.0\28934d48aed814f11e4c584da55c49fa7032b31b\jna-platform-5.14.0.jar;C:\Users\Usuario\.mcreator\gradle\caches\modules-2\files-2.1\net.java.dev.jna\jna\5.14.0\67bf3eaea4f0718cb376a181a629e5f88fa1c9dd\jna-5.14.0.jar;C:\Users\Usuario\.mcreator\gradle\caches\modules-2\files-2.1\org.apache.commons\commons-compress\1.26.0\659feffdd12280201c8aacb8f7be94f9a883c824\commons-compress-1.26.0.jar;C:\Users\Usuario\.mcreator\gradle\caches\modules-2\files-2.1\org.apache.httpcomponents\httpclient\4.5.13\e5f6cae5ca7ecaac1ec2827a9e2d65ae2869cada\httpclient-4.5.13.jar;C:\Users\Usuario\.mcreator\gradle\caches\modules-2\files-2.1\org.apache.httpcomponents\httpcore\4.4.16\51cf043c87253c9f58b539c9f7e44c8894223850\httpcore-4.4.16.jar;C:\Users\Usuario\.mcreator\gradle\caches\modules-2\files-2.1\org.jcraft\jorbis\0.0.17\8872d22b293e8f5d7d56ff92be966e6dc28ebdc6\jorbis-0.0.17.jar;C:\Users\Usuario\.mcreator\gradle\caches\modules-2\files-2.1\org.joml\joml\1.10.5\22566d58af70ad3d72308bab63b8339906deb649\joml-1.10.5.jar;C:\Users\Usuario\.mcreator\gradle\caches\modules-2\files-2.1\org.lwjgl\lwjgl-freetype\3.3.3\a0db6c84a8becc8ca05f9dbfa985edc348a824c7\lwjgl-freetype-3.3.3.jar;C:\Users\Usuario\.mcreator\gradle\caches\modules-2\files-2.1\org.lwjgl\lwjgl-freetype\3.3.3\81091b006dbb43fab04c8c638e9ac87c51b4096d\lwjgl-freetype-3.3.3-natives-windows.jar;C:\Users\Usuario\.mcreator\gradle\caches\modules-2\files-2.1\org.lwjgl\lwjgl-freetype\3.3.3\82028265a0a2ff33523ca75137ada7dc176e5210\lwjgl-freetype-3.3.3-natives-windows-arm64.jar;C:\Users\Usuario\.mcreator\gradle\caches\modules-2\files-2.1\org.lwjgl\lwjgl-freetype\3.3.3\15a8c1de7f51d07a92eae7ce1222557073a0c0c3\lwjgl-freetype-3.3.3-natives-windows-x86.jar;C:\Users\Usuario\.mcreator\gradle\caches\modules-2\files-2.1\org.lwjgl\lwjgl-glfw\3.3.3\efa1eb78c5ccd840e9f329717109b5e892d72f8e\lwjgl-glfw-3.3.3.jar;C:\Users\Usuario\.mcreator\gradle\caches\modules-2\files-2.1\org.lwjgl\lwjgl-glfw\3.3.3\e449e28b4891fc423c54c85fbc5bb0b9efece67a\lwjgl-glfw-3.3.3-natives-windows.jar;C:\Users\Usuario\.mcreator\gradle\caches\modules-2\files-2.1\org.lwjgl\lwjgl-glfw\3.3.3\f27018dc74f6289574502b46cce55d52817554e2\lwjgl-glfw-3.3.3-natives-windows-arm64.jar;C:\Users\Usuario\.mcreator\gradle\caches\modules-2\files-2.1\org.lwjgl\lwjgl-glfw\3.3.3\32334f3fd5270a59bad9939a93115acb6de36dcf\lwjgl-glfw-3.3.3-natives-windows-x86.jar;C:\Users\Usuario\.mcreator\gradle\caches\modules-2\files-2.1\org.lwjgl\lwjgl-jemalloc\3.3.3\b543467b7ff3c6920539a88ee602d34098628be5\lwjgl-jemalloc-3.3.3.jar;C:\Users\Usuario\.mcreator\gradle\caches\modules-2\files-2.1\org.lwjgl\lwjgl-jemalloc\3.3.3\426222fc027602a5f21b9c0fe79cde6a4c7a011f\lwjgl-jemalloc-3.3.3-natives-windows.jar;C:\Users\Usuario\.mcreator\gradle\caches\modules-2\files-2.1\org.lwjgl\lwjgl-jemalloc\3.3.3\ba1f3fed0ee4be0217eaa41c5bbfb4b9b1383c33\lwjgl-jemalloc-3.3.3-natives-windows-arm64.jar;C:\Users\Usuario\.mcreator\gradle\caches\modules-2\files-2.1\org.lwjgl\lwjgl-jemalloc\3.3.3\f6063b6e0f23be483c5c88d84ce51b39dc69126c\lwjgl-jemalloc-3.3.3-natives-windows-x86.jar;C:\Users\Usuario\.mcreator\gradle\caches\modules-2\files-2.1\org.lwjgl\lwjgl-openal\3.3.3\daada81ceb5fc0c291fbfdd4433cb8d9423577f2\lwjgl-openal-3.3.3.jar;C:\Users\Usuario\.mcreator\gradle\caches\modules-2\files-2.1\org.lwjgl\lwjgl-openal\3.3.3\cf83862ae95d98496b26915024c7e666d8ab1c8f\lwjgl-openal-3.3.3-natives-windows.jar;C:\Users\Usuario\.mcreator\gradle\caches\modules-2\files-2.1\org.lwjgl\lwjgl-openal\3.3.3\8e0615235116b9e4160dfe87bec90f5f6378bf72\lwjgl-openal-3.3.3-natives-windows-arm64.jar;C:\Users\Usuario\.mcreator\gradle\caches\modules-2\files-2.1\org.lwjgl\lwjgl-openal\3.3.3\87b8d5050e3adb46bb58fe1cb2669a4a48fce10d\lwjgl-openal-3.3.3-natives-windows-x86.jar;C:\Users\Usuario\.mcreator\gradle\caches\modules-2\files-2.1\org.lwjgl\lwjgl-opengl\3.3.3\2f6b0147078396a58979125a4c947664e98293a\lwjgl-opengl-3.3.3.jar;C:\Users\Usuario\.mcreator\gradle\caches\modules-2\files-2.1\org.lwjgl\lwjgl-opengl\3.3.3\e6c1eec8be8a71951b830a4d69efc01c6531900c\lwjgl-opengl-3.3.3-natives-windows.jar;C:\Users\Usuario\.mcreator\gradle\caches\modules-2\files-2.1\org.lwjgl\lwjgl-opengl\3.3.3\65e956d3735a1abdc82eff4baec1b61174697d4b\lwjgl-opengl-3.3.3-natives-windows-arm64.jar;C:\Users\Usuario\.mcreator\gradle\caches\modules-2\files-2.1\org.lwjgl\lwjgl-opengl\3.3.3\d32d833dcaa2f355a886eaf21f0408b5f03241d\lwjgl-opengl-3.3.3-natives-windows-x86.jar;C:\Users\Usuario\.mcreator\gradle\caches\modules-2\files-2.1\org.lwjgl\lwjgl-stb\3.3.3\25dd6161988d7e65f71d5065c99902402ee32746\lwjgl-stb-3.3.3.jar;C:\Users\Usuario\.mcreator\gradle\caches\modules-2\files-2.1\org.lwjgl\lwjgl-stb\3.3.3\1d9facdf6541de114b0f963be33505b7679c78cb\lwjgl-stb-3.3.3-natives-windows.jar;C:\Users\Usuario\.mcreator\gradle\caches\modules-2\files-2.1\org.lwjgl\lwjgl-stb\3.3.3\a584ab44de569708871f0a79561f4d8c37487f2c\lwjgl-stb-3.3.3-natives-windows-arm64.jar;C:\Users\Usuario\.mcreator\gradle\caches\modules-2\files-2.1\org.lwjgl\lwjgl-stb\3.3.3\b5c874687b9aac1a936501d4ed2c49567fd1b575\lwjgl-stb-3.3.3-natives-windows-x86.jar;C:\Users\Usuario\.mcreator\gradle\caches\modules-2\files-2.1\org.lwjgl\lwjgl-tinyfd\3.3.3\82d755ca94b102e9ca77283b9e2dc46d1b15fbe5\lwjgl-tinyfd-3.3.3.jar;C:\Users\Usuario\.mcreator\gradle\caches\modules-2\files-2.1\org.lwjgl\lwjgl-tinyfd\3.3.3\a6697981b0449a5087c1d546fc08b4f73e8f98c9\lwjgl-tinyfd-3.3.3-natives-windows.jar;C:\Users\Usuario\.mcreator\gradle\caches\modules-2\files-2.1\org.lwjgl\lwjgl-tinyfd\3.3.3\a88c494f3006eb91a7433b12a3a55a9a6c20788b\lwjgl-tinyfd-3.3.3-natives-windows-arm64.jar;C:\Users\Usuario\.mcreator\gradle\caches\modules-2\files-2.1\org.lwjgl\lwjgl-tinyfd\3.3.3\c336c84ee88cccb495c6ffa112395509e7378e8a\lwjgl-tinyfd-3.3.3-natives-windows-x86.jar;C:\Users\Usuario\.mcreator\gradle\caches\modules-2\files-2.1\org.lwjgl\lwjgl\3.3.3\29589b5f87ed335a6c7e7ee6a5775f81f97ecb84\lwjgl-3.3.3.jar;C:\Users\Usuario\.mcreator\gradle\caches\modules-2\files-2.1\org.lwjgl\lwjgl\3.3.3\a5ed18a2b82fc91b81f40d717cb1f64c9dcb0540\lwjgl-3.3.3-natives-windows.jar;C:\Users\Usuario\.mcreator\gradle\caches\modules-2\files-2.1\org.lwjgl\lwjgl\3.3.3\e9aca8c5479b520a2a7f0d542a118140e812c5e8\lwjgl-3.3.3-natives-windows-arm64.jar;C:\Users\Usuario\.mcreator\gradle\caches\modules-2\files-2.1\org.lwjgl\lwjgl\3.3.3\9e670718e050aeaeea0c2d5b907cffb142f2e58f\lwjgl-3.3.3-natives-windows-x86.jar;C:\Users\Usuario\.mcreator\gradle\caches\modules-2\files-2.1\org.lz4\lz4-java\1.8.0\4b986a99445e49ea5fbf5d149c4b63f6ed6c6780\lz4-java-1.8.0.jar;C:\Users\Usuario\.mcreator\gradle\caches\modules-2\files-2.1\org.jline\jline-terminal\3.20.0\d0ddcc708ddf527a3454c941b7b9225cc83a15ff\jline-terminal-3.20.0.jar;C:\Users\Usuario\.mcreator\gradle\caches\modules-2\files-2.1\com.google.guava\listenablefuture\9999.0-empty-to-avoid-conflict-with-guava\b421526c5f297295adef1c886e5246c39d4ac629\listenablefuture-9999.0-empty-to-avoid-conflict-with-guava.jar;C:\Users\Usuario\.mcreator\gradle\caches\modules-2\files-2.1\com.google.code.findbugs\jsr305\3.0.2\25ea2e8b0c338a877313bd4672d3fe056ea78f0d\jsr305-3.0.2.jar;C:\Users\Usuario\.mcreator\gradle\caches\modules-2\files-2.1\org.checkerframework\checker-qual\3.33.0\de2b60b62da487644fc11f734e73c8b0b431238f\checker-qual-3.33.0.jar;C:\Users\Usuario\.mcreator\gradle\caches\modules-2\files-2.1\com.google.errorprone\error_prone_annotations\2.18.0\89b684257096f548fa39a7df9fdaa409d4d4df91\error_prone_annotations-2.18.0.jar;C:\Users\Usuario\.mcreator\gradle\caches\modules-2\files-2.1\com.google.j2objc\j2objc-annotations\2.8\c85270e307e7b822f1086b93689124b89768e273\j2objc-annotations-2.8.jar
Launcher Type: SUN_STANDARD

[Global flags]
     intx CICompilerCount                          = 3                                         {product} {ergonomic}
     uint ConcGCThreads                            = 2                                         {product} {ergonomic}
     uint G1ConcRefinementThreads                  = 6                                         {product} {ergonomic}
   size_t G1HeapRegionSize                         = 2097152                                   {product} {ergonomic}
    uintx GCDrainStackTargetSize                   = 64                                        {product} {ergonomic}
   size_t InitialHeapSize                          = 268435456                                 {product} {ergonomic}
     bool ManagementServer                         = true                                      {product} {command line}
   size_t MarkStackSize                            = 4194304                                   {product} {ergonomic}
   size_t MaxHeapSize                              = 4278190080                                {product} {ergonomic}
   size_t MaxNewSize                               = 2566914048                                {product} {ergonomic}
   size_t MinHeapDeltaBytes                        = 2097152                                   {product} {ergonomic}
   size_t MinHeapSize                              = 8388608                                   {product} {ergonomic}
    uintx NonNMethodCodeHeapSize                   = 5832780                                {pd product} {ergonomic}
    uintx NonProfiledCodeHeapSize                  = 122912730                              {pd product} {ergonomic}
    uintx ProfiledCodeHeapSize                     = 122912730                              {pd product} {ergonomic}
    uintx ReservedCodeCacheSize                    = 251658240                              {pd product} {ergonomic}
     bool SegmentedCodeCache                       = true                                      {product} {ergonomic}
   size_t SoftMaxHeapSize                          = 4278190080                             {manageable} {ergonomic}
     bool UseCompressedOops                        = true                           {product lp64_product} {ergonomic}
     bool UseG1GC                                  = true                                      {product} {ergonomic}
     bool UseLargePagesIndividualAllocation        = false                                  {pd product} {ergonomic}

Logging:
Log output configuration:
 #0: stdout all=warning uptime,level,tags foldmultilines=false
 #1: stderr all=off uptime,level,tags foldmultilines=false

Environment Variables:
JAVA_HOME=C:\Program Files\Pylo\MCreator\jdk
PATH=C:\Program Files\Common Files\Oracle\Java\javapath;C:\Program Files (x86)\Common Files\Oracle\Java\java8path;C:\Program Files (x86)\Common Files\Oracle\Java\javapath;C:\Python310\Scripts\;C:\Python310\;C:\Program Files\AdoptOpenJDK\jdk-8.0.265.01-hotspot\bin;C:\Windows\system32;C:\Windows;C:\Windows\System32\Wbem;C:\Windows\System32\WindowsPowerShell\v1.0\;C:\Windows\System32\OpenSSH\;C:\Program Files\NVIDIA Corporation\NVIDIA NvDLISR;C:\WINDOWS\system32;C:\WINDOWS;C:\WINDOWS\System32\Wbem;C:\WINDOWS\System32\WindowsPowerShell\v1.0\;C:\WINDOWS\System32\OpenSSH\;C:\Program Files (x86)\NVIDIA Corporation\PhysX\Common;C:\Program Files\dotnet\;C:\Program Files\nodejs\;C:\ProgramData\chocolatey\bin;C:\Users\Usuario\AppData\Local\Microsoft\WindowsApps;C:\Users\Usuario\AppData\Local\Programs\Microsoft VS Code\bin;C:\Users\Usuario\.dotnet\tools;C:\Users\Usuario\AppData\Roaming\npm;C:\Users\Usuario\AppData\Local\GitHubDesktop\bin;C:\Program Files\Pylo\MCreator\jdk\bin
USERNAME=Usuario
OS=Windows_NT
PROCESSOR_IDENTIFIER=Intel64 Family 6 Model 158 Stepping 13, GenuineIntel
TMP=C:\Users\Usuario\AppData\Local\Temp
TEMP=C:\Users\Usuario\AppData\Local\Temp




Periodic native trim disabled

---------------  S Y S T E M  ---------------

OS:
 Windows 10 , 64 bit Build 19041 (10.0.19041.5438)
OS uptime: 0 days 5:33 hours

CPU: total 6 (initial active 6) (6 cores per cpu, 1 threads per core) family 6 model 158 stepping 13 microcode 0xca, cx8, cmov, fxsr, mmx, 3dnowpref, sse, sse2, sse3, ssse3, sse4.1, sse4.2, popcnt, lzcnt, tsc, tscinvbit, avx, avx2, aes, erms, clmul, bmi1, bmi2, adx, fma, vzeroupper, clflush, clflushopt, rdtscp, f16c
Processor Information for all 6 processors :
  Max Mhz: 3696, Current Mhz: 3696, Mhz Limit: 3696

Memory: 4k page, system-wide physical 16319M (636M free)
TotalPageFile size 36405M (AvailPageFile size 8M)
current process WorkingSet (physical memory assigned to process): 1342M, peak: 1598M
current process commit charge ("private bytes"): 2174M, peak: 2210M

vm_info: OpenJDK 64-Bit Server VM (21.0.4+7-LTS) for windows-amd64 JRE (21.0.4+7-LTS), built on 2024-07-16T00:00:00Z by "admin" with MS VC++ 17.7 (VS2022)

END.
